Time,SatConnected,Latitude,Longitude,AltitudeGPS,AltitudeBaro,Voltage,Current
0,2,48.638833167,8.942745167,460.20001221,-0.032,12.491,0.852
100,2,48.638833167,8.942745167,460.20001221,-0.069,12.496,0.646
200,2,48.638833333,8.942745167,460.20001221,0.026,12.502,0.439
300,2,48.638833167,8.942745167,460.20001221,0.082,12.507,0.23
400,2,48.638833167,8.942745167,460.20001221,0.122,12.508,0.186
500,2,48.638833333,8.942745167,460.20001221,0.05,12.508,0.197
600,2,48.638833167,8.942745167,460.20001221,0.048,12.508,0.209
700,2,48.638833167,8.942745167,460.20001221,0.127,12.508,0.212
800,2,48.638833167,8.942745167,460.20001221,0.193,12.508,0.21
900,2,48.638833167,8.942745167,460.20001221,0.124,12.508,0.203
1000,2,48.638833167,8.942745167,460.20001221,0.077,12.507,0.212
1100,2,48.638833167,8.942745167,460.20001221,0.082,12.498,0.64
1200,2,48.638833167,8.942745,460.20001221,0.124,12.489,1.021
1400,2,48.638833167,8.942745,460.20001221,0.071,12.479,1.407
1500,2,48.638833167,8.942745,460.20001221,0.196,12.481,1.319
1600,2,48.638833167,8.942745167,460.20001221,0.127,12.49,0.917
1800,2,48.638833,8.942745,460.20001221,0.137,12.489,0.926
1900,2,48.638833,8.942745167,460.20001221,0.098,12.475,1.548
2100,2,48.638833,8.942745,460.20001221,0.074,12.465,1.858
2200,2,48.638833,8.942745,460.20001221,0.122,12.472,1.508
2400,2,48.638833,8.942745,460.20001221,0.122,12.491,0.801
2500,2,48.638833,8.942745,460.20001221,0.003,12.505,0.217
2700,2,48.638833,8.942744833,460.20001221,0.021,12.506,0.212
2800,2,48.638833,8.942744833,460.20001221,0.082,12.506,0.214
2900,2,48.638833,8.942744833,460.20001221,0.127,12.506,0.213
3000,2,48.638833,8.942744667,460.20001221,0.182,12.506,0.215
3100,2,48.638833,8.942744667,460.20001221,0.124,12.506,0.218
3200,2,48.638833,8.942744667,460.20001221,0.037,12.506,0.219
3400,2,48.638833,8.942744667,460.20001221,0.114,12.505,0.218
3500,2,48.638833,8.9427445,460.20001221,0.185,12.506,0.214
3700,2,48.638833,8.9427445,460.20001221,0.092,12.506,0.213
3800,2,48.638833,8.9427445,460.20001221,0.137,12.506,0.21
3900,2,48.638833,8.9427445,460.20001221,0.122,12.506,0.211
4100,2,48.638833167,8.9427445,460.1000061,0.135,12.506,0.211
4200,2,48.638833167,8.9427445,460.1000061,0.037,12.507,0.214
4400,2,48.638833,8.9427445,460.1000061,0.111,12.506,0.205
4500,2,48.638833167,8.9427445,460.1000061,-0.053,12.506,0.199
4600,2,48.638833167,8.9427445,460.1000061,0.063,12.506,0.204
4700,2,48.638833167,8.942744333,460.1000061,0.129,12.507,0.209
4800,2,48.638833167,8.9427445,460.1000061,0.029,12.507,0.209
4900,2,48.638833167,8.942744333,460.1000061,0.013,12.507,0.206
5000,2,48.638833167,8.942744333,460.0,0.037,12.507,0.208
5100,2,48.638833167,8.942744333,460.0,0.151,12.506,0.218
5200,2,48.638833167,8.942744333,460.0,0.005,12.506,0.217
5400,2,48.638833333,8.942744333,460.0,0.082,12.506,0.212
5600,2,48.638833333,8.942744333,460.0,0.127,12.506,0.22
5700,2,48.638833333,8.942744333,460.0,0.106,12.506,0.221
5800,2,48.638833333,8.942744167,460.0,0.129,12.506,0.224
5900,2,48.638833333,8.942744167,460.0,0.137,12.506,0.218
6000,2,48.638833333,8.942744167,460.0,0.069,12.507,0.209
6100,2,48.638833333,8.942744167,460.0,0.108,12.507,0.204
6200,2,48.638833333,8.942744167,460.0,0.103,12.507,0.206
6400,2,48.638833333,8.942744167,459.8999939,0.137,12.506,0.217
6500,2,48.638833333,8.942744167,459.8999939,0.164,12.506,0.218
6600,2,48.638833333,8.942744167,459.8999939,-0.026,12.507,0.208
6700,2,48.638833333,8.942744167,459.8999939,0.042,12.507,0.209
6800,2,48.638833333,8.942744,459.8999939,-0.005,12.506,0.206
6900,2,48.6388335,8.942744,459.8999939,0.116,12.506,0.216
7100,2,48.638833333,8.942744,459.8999939,-0.069,12.506,0.211
7200,2,48.6388335,8.942743833,459.8999939,0.177,12.506,0.213
7400,2,48.638833333,8.9427435,459.8999939,0.256,12.506,0.215
7500,2,48.638833333,8.942743667,459.8999939,0.092,12.507,0.211
7600,2,48.638833333,8.942743833,459.8999939,0.037,12.507,0.208
7700,2,48.638833333,8.942743667,459.79998779,0.098,12.507,0.208
7900,2,48.638833333,8.942743667,459.79998779,0.092,12.507,0.199
8100,2,48.638833167,8.942743833,459.79998779,0.106,12.506,0.202
8200,2,48.638833167,8.942743833,459.79998779,0.238,12.507,0.211
8400,2,48.638833,8.942743833,459.79998779,0.148,12.507,0.219
8500,2,48.638833167,8.942744,459.79998779,0.124,12.507,0.212
8700,2,48.638833333,8.942744,459.79998779,0.172,12.506,0.206
8900,2,48.638833333,8.942744,459.79998779,0.026,12.506,0.208
9100,2,48.638833333,8.942744,459.79998779,0.011,12.506,0.212
9200,2,48.638833333,8.942744167,459.79998779,0.045,12.507,0.21
9400,2,48.638833167,8.942744167,459.70001221,0.071,12.507,0.208
9500,2,48.638833167,8.942744167,459.70001221,0.079,12.507,0.204
9600,2,48.638833167,8.942744333,459.70001221,0.103,12.506,0.208
9700,2,48.638833,8.942744333,459.70001221,0.0,12.507,0.209
9800,2,48.638833,8.942744333,459.70001221,0.082,12.507,0.216
9900,2,48.638833,8.942744333,459.70001221,0.1,12.507,0.221
10000,2,48.638833,8.942744333,459.70001221,0.116,12.507,0.212
10100,2,48.638832833,8.9427445,459.6000061,0.122,12.507,0.211
10200,2,48.638832833,8.9427445,459.6000061,0.1,12.507,0.204
10400,2,48.638832833,8.9427445,459.6000061,0.145,12.507,0.21
10500,2,48.638832833,8.9427445,459.70001221,0.106,12.507,0.211
10600,2,48.638832833,8.9427445,459.6000061,0.045,12.506,0.212
10700,2,48.638832833,8.9427445,459.6000061,0.082,12.507,0.216
10800,2,48.638832833,8.942744667,459.6000061,0.132,12.507,0.215
10900,2,48.638832833,8.942744667,459.6000061,0.143,12.507,0.212
11000,2,48.638832833,8.942744667,459.6000061,0.085,12.507,0.201
11100,2,48.638832833,8.942744833,459.6000061,0.219,12.507,0.204
11200,2,48.638832833,8.942744833,459.6000061,0.095,12.507,0.2
11400,2,48.638832833,8.942745,459.6000061,0.066,12.507,0.202
11500,2,48.638832667,8.942745,459.6000061,0.079,12.506,0.207
11600,2,48.638832667,8.942745,459.6000061,0.09,12.507,0.214
11800,2,48.638832667,8.942745,459.6000061,0.108,12.507,0.209
12000,2,48.6388325,8.942745,459.6000061,0.159,12.506,0.2
12100,2,48.6388325,8.942745,459.5,0.103,12.506,0.208
12300,2,48.638832333,8.942745167,459.5,0.116,12.506,0.215
12500,2,48.638832333,8.942745167,459.5,0.045,12.507,0.214
12700,2,48.638832333,8.942745167,459.5,0.034,12.508,0.202
12900,2,48.638832167,8.942745167,459.5,0.137,12.507,0.206
13100,2,48.638832167,8.942745333,459.5,0.021,12.507,0.215
13300,2,48.638832167,8.942745333,459.5,0.211,12.506,0.216
13500,2,48.638832167,8.942745333,459.5,0.122,12.507,0.214
13700,2,48.638832167,8.9427455,459.5,0.288,12.507,0.205
13900,2,48.638832167,8.9427455,459.5,0.143,12.507,0.204
14100,2,48.638832167,8.9427455,459.5,0.209,12.507,0.205
14300,2,48.638832,8.9427455,459.5,0.095,12.475,1.54
14500,2,48.638832,8.942745667,459.5,0.0,12.449,2.601
14700,2,48.638832,8.942745667,459.5,0.119,12.502,0.311
14900,2,48.638832,8.942745667,459.5,0.151,12.505,0.211
15100,2,48.638832,8.942745833,459.5,0.026,12.505,0.212
15300,2,48.638831833,8.942745833,459.5,0.227,12.505,0.22
15500,2,48.638831833,8.942745833,459.5,0.116,12.505,0.221
15700,2,48.638831833,8.942745833,459.3999939,0.029,12.505,0.214
15800,2,48.638831833,8.942745833,459.3999939,0.092,12.506,0.213
16000,2,48.638831667,8.942746,459.3999939,0.066,12.506,0.207
16100,2,48.638831667,8.942746,459.3999939,0.016,12.506,0.212
16300,2,48.638831667,8.942746,459.3999939,0.116,12.505,0.224
16500,2,48.638831667,8.942746,459.3999939,0.151,12.505,0.217
16700,2,48.638831667,8.942746,459.3999939,0.129,12.506,0.211
16900,2,48.6388315,8.942746167,459.3999939,0.095,12.506,0.207
17000,2,48.638831667,8.942746167,459.3999939,0.079,12.506,0.206
17200,2,48.638831667,8.942746167,459.3999939,0.119,12.506,0.211
17400,2,48.638831667,8.942746167,459.3999939,0.127,12.506,0.222
17600,2,48.638831667,8.942746167,459.3999939,0.222,12.506,0.221
17800,2,48.638831667,8.942746333,459.3999939,0.151,12.506,0.219
18000,2,48.6388315,8.942746333,459.3999939,0.172,12.506,0.209
18200,2,48.6388315,8.9427465,459.3999939,0.106,12.505,0.217
18400,2,48.6388315,8.9427465,459.3999939,0.108,12.505,0.213
18500,2,48.6388315,8.9427465,459.3999939,0.082,12.505,0.208
18700,2,48.6388315,8.942746667,459.3999939,0.222,12.505,0.217
18900,2,48.6388315,8.942746667,459.3999939,0.145,12.505,0.217
19000,2,48.6388315,8.942746667,459.3999939,0.182,12.506,0.211
19200,2,48.6388315,8.942746833,459.3999939,0.05,12.505,0.214
19400,2,48.6388315,8.942746833,459.3999939,0.193,12.506,0.212
19500,2,48.638831333,8.942746833,459.3999939,0.169,12.505,0.216
19600,2,48.638831333,8.942746833,459.3999939,0.164,12.505,0.21
19700,2,48.638831333,8.942747,459.3999939,0.19,12.505,0.205
19800,2,48.638831333,8.942747,459.3999939,0.127,12.506,0.207
19900,2,48.638831333,8.942747,459.3999939,0.196,12.506,0.208
20000,2,48.638831333,8.942747,459.3999939,0.196,12.507,0.214
20100,2,48.638831167,8.942747,459.3999939,0.145,12.507,0.209
20200,2,48.638831167,8.942747,459.3999939,0.222,12.506,0.212
20400,2,48.638831167,8.942747167,459.3999939,0.156,12.506,0.215
20500,2,48.638831167,8.942747167,459.3999939,0.166,12.506,0.221
20600,2,48.638831167,8.942747167,459.3999939,0.198,12.506,0.216
20700,2,48.638831167,8.942747167,459.3999939,0.188,12.506,0.212
20800,2,48.638831167,8.942747167,459.3999939,0.201,12.506,0.208
20900,2,48.638831167,8.942747167,459.3999939,0.193,12.506,0.209
21000,2,48.638831167,8.942747333,459.3999939,0.145,12.506,0.217
21100,2,48.638831167,8.942747333,459.3999939,0.251,12.506,0.223
21200,2,48.638831,8.942747333,459.3999939,0.235,12.506,0.213
21400,2,48.638831,8.942747167,459.3999939,0.148,12.506,0.2
21500,2,48.638831,8.942747167,459.3999939,0.14,12.506,0.202
21700,2,48.638831,8.942747333,459.3999939,0.304,12.506,0.205
21900,2,48.638830833,8.942747333,459.3999939,0.143,12.506,0.202
22100,2,48.638830833,8.942747333,459.3999939,0.161,12.506,0.205
22300,2,48.638830833,8.9427475,459.3999939,0.166,12.506,0.211
22500,2,48.638830833,8.9427475,459.3999939,0.116,12.506,0.213
22700,2,48.638830667,8.9427475,459.3999939,0.219,12.506,0.215
22900,2,48.638830667,8.9427475,459.5,0.185,12.506,0.214
23100,2,48.638830667,8.9427475,459.5,0.188,12.506,0.199
23300,2,48.638830667,8.9427475,459.5,0.161,12.506,0.203
23500,2,48.638830667,8.9427475,459.5,0.116,12.505,0.22
23700,2,48.638830667,8.9427475,459.5,0.153,12.505,0.207
23900,2,48.638830667,8.9427475,459.5,0.116,12.506,0.208
24100,2,48.638830667,8.9427475,459.5,0.111,12.505,0.208
24300,2,48.638830667,8.9427475,459.5,0.27,12.505,0.216
24500,2,48.638830667,8.9427475,459.5,0.333,12.505,0.21
24700,2,48.638830667,8.9427475,459.5,0.182,12.506,0.214
24900,2,48.638830667,8.9427475,459.5,0.201,12.506,0.216
25100,2,48.638830667,8.942747667,459.5,0.172,12.502,0.369
25300,2,48.6388305,8.942747667,459.5,0.214,12.477,1.441
25500,2,48.6388305,8.942747667,459.5,0.085,12.371,6.083
25700,2,48.638830667,8.9427475,459.5,0.177,12.095,17.889
25800,2,48.638830667,8.942747333,459.5,0.161,11.92,25.192
26000,2,48.638831167,8.942746167,459.5,0.28,11.728,32.937
26200,2,48.638832167,8.9427435,459.6000061,0.291,11.719,32.72
26400,2,48.638833667,8.942739167,459.5,0.412,11.641,35.832
26600,2,48.6388355,8.942733167,459.5,0.312,11.517,40.675
26800,2,48.638837667,8.9427255,459.5,0.222,11.432,44.061
27000,2,48.63884,8.9427155,459.5,0.616,11.598,36.115
27200,2,48.638842167,8.942703833,459.5,0.476,12.103,13.885
27400,2,48.638843667,8.942691,459.5,0.502,12.157,11.721
27600,2,48.638844333,8.942677833,459.3999939,0.484,12.254,7.638
27800,2,48.638844167,8.942664333,459.3999939,0.454,12.298,5.93
28000,2,48.638844167,8.942651167,459.3999939,0.28,11.747,30.095
28200,2,48.638844333,8.942636833,459.3999939,0.349,11.425,43.519
28400,2,48.638845,8.942621,459.29998779,0.346,11.397,44.224
28600,2,48.6388465,8.9426035,459.29998779,0.513,11.383,44.273
28800,2,48.638848333,8.942584167,459.29998779,0.531,11.372,44.335
29000,2,48.638850333,8.942563,459.20001221,0.534,11.828,23.864
29200,2,48.638852167,8.942540833,459.1000061,0.869,12.38,0.221
29400,2,48.6388535,8.942518833,459.1000061,1.083,12.387,0.225
29500,2,48.638854167,8.942508333,459.20001221,1.009,12.391,0.224
29600,2,48.6388545,8.942498167,459.1000061,0.888,12.394,0.222
29700,2,48.638855,8.942488167,459.1000061,0.869,12.397,0.219
29800,2,48.638855333,8.942478667,459.1000061,0.447,12.4,0.216
29900,2,48.638856167,8.942469833,459.20001221,0.119,12.403,0.211
30100,2,48.638858333,8.942454,459.20001221,0.026,12.407,0.216
30200,2,48.638859833,8.942447167,459.20001221,0.013,12.41,0.225
30400,2,48.638863833,8.942435833,459.20001221,0.547,12.413,0.232
30500,2,48.638865833,8.942431833,459.29998779,-0.1,12.415,0.231
30700,2,48.638867833,8.9424295,459.3999939,-0.106,12.418,0.227
30800,2,48.638867333,8.942430833,459.29998779,-0.132,12.42,0.218
30900,2,48.638867167,8.942432167,459.20001221,-0.317,12.421,0.213
31000,2,48.6388675,8.942432833,459.29998779,-0.359,12.423,0.21
31200,2,48.638867167,8.942433333,459.29998779,-0.439,12.426,0.218
31400,2,48.638867167,8.942434,459.29998779,-0.307,12.427,0.22
31600,2,48.638867,8.942434333,459.29998779,-0.27,12.429,0.216
31700,2,48.638867,8.942434667,459.20001221,-0.328,12.431,0.217
31900,2,48.638866667,8.942435333,459.20001221,-0.402,12.433,0.224
32100,2,48.638866667,8.942435333,459.20001221,-0.328,12.434,0.217
32200,2,48.638866667,8.942435333,459.1000061,-0.275,12.436,0.217
32500,2,48.638866667,8.942435333,459.1000061,-0.333,12.438,0.216
32700,2,48.638866667,8.942435333,459.20001221,-0.349,12.439,0.217
32900,2,48.638866667,8.942435167,459.20001221,-0.46,12.442,0.212
33100,2,48.638866667,8.942435333,459.20001221,-0.354,12.443,0.21
33300,2,48.638866667,8.942435333,459.20001221,-0.365,12.445,0.209
33500,2,48.638866667,8.942435333,459.20001221,-0.349,12.445,0.212
33700,2,48.638866667,8.942435333,459.20001221,-0.37,12.445,0.211
33900,2,48.638866667,8.942435333,459.20001221,-0.412,12.446,0.213
34100,2,48.638866667,8.942435333,459.29998779,-0.417,12.448,0.216
34300,2,48.638866667,8.942435333,459.29998779,-0.407,12.45,0.218
34500,2,48.6388665,8.942435333,459.20001221,-0.343,12.45,0.217
34700,2,48.6388665,8.9424355,459.29998779,-0.375,12.451,0.208
34900,2,48.6388665,8.9424355,459.29998779,-0.417,12.452,0.217
35100,2,48.638866333,8.9424355,459.29998779,-0.259,12.453,0.214
35300,2,48.638866333,8.9424355,459.29998779,-0.407,12.454,0.213
35500,2,48.638866333,8.9424355,459.29998779,-0.423,12.455,0.209
35700,2,48.638866333,8.9424355,459.29998779,-0.354,12.456,0.207
35900,2,48.638866333,8.9424355,459.29998779,-0.264,12.457,0.212
36100,2,48.6388665,8.9424355,459.29998779,-0.433,12.457,0.207
36300,2,48.638866333,8.9424355,459.29998779,-0.296,12.458,0.206
36500,2,48.6388665,8.9424355,459.29998779,-0.312,12.458,0.211
36700,2,48.6388665,8.9424355,459.29998779,-0.307,12.459,0.218
36900,2,48.6388665,8.9424355,459.3999939,-0.307,12.459,0.212
37100,2,48.6388665,8.9424355,459.3999939,-0.322,12.46,0.208
37300,2,48.6388665,8.9424355,459.3999939,-0.227,12.462,0.206
37500,2,48.6388665,8.942435667,459.3999939,-0.285,12.462,0.203
37600,2,48.6388665,8.942435667,459.3999939,-0.28,12.463,0.2
37800,2,48.6388665,8.942435667,459.3999939,-0.185,12.463,0.209
38000,2,48.6388665,8.942435667,459.3999939,-0.222,12.463,0.203
38100,2,48.6388665,8.942435667,459.3999939,-0.37,12.464,0.2
38300,2,48.6388665,8.942435667,459.3999939,-0.285,12.465,0.209
38500,2,48.6388665,8.942435667,459.3999939,-0.317,12.464,0.205
38600,2,48.6388665,8.942435667,459.3999939,-0.28,12.465,0.211
38800,2,48.6388665,8.942435667,459.3999939,-0.254,12.465,0.221
39000,2,48.6388665,8.942435667,459.3999939,-0.343,12.465,0.215
39200,2,48.6388665,8.942435667,459.3999939,-0.417,12.466,0.209
39400,2,48.6388665,8.942435667,459.3999939,-0.291,12.466,0.211
39600,2,48.6388665,8.942435667,459.3999939,-0.248,12.467,0.207
39700,2,48.6388665,8.942435667,459.3999939,-0.296,12.468,0.213
39800,2,48.6388665,8.942435667,459.3999939,-0.343,12.468,0.217
39900,2,48.6388665,8.942435667,459.3999939,-0.307,12.468,0.218
40000,2,48.6388665,8.942435667,459.3999939,-0.349,12.468,0.21
40100,2,48.6388665,8.942435667,459.3999939,-0.365,12.468,0.213
40200,2,48.6388665,8.942435667,459.3999939,-0.465,12.468,0.21
40400,2,48.6388665,8.942435833,459.3999939,-0.407,12.469,0.208
40500,2,48.6388665,8.942435833,459.3999939,-0.428,12.469,0.202
40600,2,48.6388665,8.942435667,459.3999939,-0.465,12.469,0.209
40700,2,48.6388665,8.9424355,459.3999939,-0.343,12.469,0.21
40800,2,48.638866167,8.942435333,459.3999939,-0.402,12.469,0.212
40900,2,48.638866333,8.942435333,459.3999939,-0.428,12.469,0.209
41000,2,48.638866167,8.942435333,459.3999939,-0.417,12.469,0.206
41100,2,48.638866,8.942435167,459.3999939,-0.444,12.47,0.206
41200,2,48.638865667,8.942435333,459.5,-0.534,12.47,0.209
41400,2,48.638865167,8.942435667,459.6000061,-0.296,12.471,0.212
41500,2,48.638864833,8.942436333,459.6000061,-0.243,12.471,0.209
41600,2,48.638864667,8.942437167,459.70001221,-0.032,12.471,0.212
41700,2,48.638864667,8.942438,459.70001221,0.037,12.471,0.211
41800,2,48.638864833,8.942439167,459.70001221,0.129,12.471,0.213
41900,2,48.638865167,8.9424405,459.79998779,0.288,12.471,0.207
42000,2,48.6388655,8.942441833,459.79998779,0.473,12.471,0.207
42100,2,48.638865667,8.9424435,459.79998779,0.608,12.471,0.206
42200,2,48.638865667,8.942444833,459.79998779,0.597,12.471,0.203
42400,2,48.638866,8.942447833,459.79998779,0.447,12.471,0.2
42500,2,48.638866333,8.942449333,459.79998779,0.576,12.471,0.207
42600,2,48.638866667,8.942451,459.79998779,0.465,12.472,0.206
42800,2,48.638867333,8.942454167,459.79998779,0.441,12.472,0.207
42900,2,48.6388675,8.942456333,459.70001221,0.433,12.473,0.206
43000,2,48.6388675,8.942458833,459.70001221,0.499,12.473,0.211
43100,2,48.6388675,8.942460833,459.79998779,0.518,12.474,0.202
43300,2,48.638867667,8.942465,459.70001221,0.378,12.472,0.206
43500,2,48.638868,8.942469667,459.70001221,0.491,12.473,0.211
43700,2,48.638867833,8.942473833,459.70001221,0.42,12.473,0.205
43900,2,48.638867833,8.942478333,459.70001221,0.476,12.474,0.206
44000,2,48.638867667,8.942481,459.70001221,0.539,12.475,0.212
44200,2,48.6388675,8.9424855,459.79998779,0.626,12.474,0.212
44400,2,48.638867833,8.942490167,459.70001221,0.515,12.474,0.207
44500,2,48.638867667,8.942492833,459.70001221,0.515,12.474,0.207
44700,2,48.638867333,8.942496833,459.70001221,0.513,12.475,0.215
44900,2,48.638867,8.942501167,459.70001221,0.365,12.474,0.212
45100,2,48.638867,8.942505167,459.70001221,0.61,12.474,0.212
45300,2,48.638866833,8.942509167,459.70001221,0.37,12.475,0.204
45500,2,48.638866667,8.9425135,459.70001221,0.481,12.476,0.209
45700,2,48.6388665,8.942517333,459.70001221,0.449,12.475,0.211
45900,2,48.638866,8.9425215,459.6000061,0.41,12.475,0.205
46100,2,48.638865667,8.942525833,459.79998779,0.528,12.475,0.204
46300,2,48.638865333,8.942530333,459.70001221,0.547,12.475,0.209
46500,2,48.638865167,8.942534667,459.79998779,0.655,12.475,0.217
46600,2,48.638865,8.942536667,459.79998779,0.555,12.475,0.213
46700,2,48.638864833,8.942539,459.79998779,0.452,12.475,0.209
46900,2,48.638864,8.942543333,459.79998779,0.394,12.476,0.212
47000,2,48.638863667,8.942546,459.8999939,0.439,12.476,0.22
47100,2,48.638863667,8.942548,460.0,0.608,12.476,0.218
47200,2,48.638863333,8.94255,460.0,0.613,12.476,0.216
47400,2,48.638863,8.9425545,460.0,0.491,12.477,0.212
47500,2,48.638862833,8.942556833,460.1000061,0.621,12.476,0.213
47600,2,48.638862667,8.942558833,460.1000061,0.637,12.477,0.215
47700,2,48.638862333,8.942560667,460.1000061,0.563,12.476,0.212
47800,2,48.638862333,8.942562667,460.1000061,0.454,12.477,0.206
47900,2,48.638862,8.942565167,460.0,0.486,12.477,0.2
48000,2,48.638861667,8.9425675,460.1000061,0.565,12.477,0.203
48100,2,48.6388615,8.942569333,460.1000061,0.55,12.477,0.2
48300,2,48.638861167,8.942573667,460.1000061,0.425,12.477,0.204
48500,2,48.638860833,8.942578167,460.1000061,0.679,12.476,0.207
48600,2,48.638860667,8.942579833,460.20001221,0.65,12.477,0.205
48700,2,48.638860333,8.9425815,460.20001221,0.486,12.477,0.203
48800,2,48.638860167,8.942583333,460.20001221,0.51,12.477,0.209
49000,2,48.6388595,8.942587667,460.20001221,0.579,12.477,0.211
49200,2,48.638859167,8.942591333,460.20001221,0.565,12.477,0.211
49400,2,48.638858667,8.942595333,460.20001221,0.563,12.477,0.21
49500,2,48.638858667,8.942597667,460.20001221,0.61,12.478,0.208
49600,2,48.638858667,8.9425995,460.20001221,0.528,12.477,0.201
49700,2,48.6388585,8.942601167,460.29998779,0.539,12.477,0.203
49800,2,48.638858333,8.942602833,460.20001221,0.618,12.477,0.203
49900,2,48.638858,8.942604833,460.20001221,0.481,12.478,0.214
50000,2,48.638857667,8.942607167,460.20001221,0.552,12.479,0.209
50100,2,48.638857333,8.942609333,460.20001221,0.584,12.478,0.209
50300,2,48.638856833,8.942613,460.20001221,0.65,12.477,0.216
50500,2,48.638856333,8.942617167,460.20001221,0.576,12.478,0.213
50700,2,48.638855667,8.942620667,460.29998779,0.587,12.478,0.212
50800,2,48.6388555,8.942622333,460.29998779,0.658,12.478,0.214
51000,2,48.638854833,8.942626,460.20001221,0.661,12.478,0.208
51100,2,48.6388545,8.942628167,460.29998779,0.676,12.478,0.21
51200,2,48.638854167,8.94263,460.29998779,0.735,12.478,0.21
51400,2,48.638853667,8.942633333,460.29998779,0.587,12.478,0.209
51500,2,48.638853167,8.942635167,460.29998779,0.547,12.479,0.209
51600,2,48.638852833,8.942637167,460.29998779,0.65,12.479,0.212
51700,2,48.638852667,8.942639,460.3999939,0.74,12.478,0.209
51800,2,48.638852333,8.9426405,460.3999939,0.761,12.478,0.21
51900,2,48.638852167,8.9426415,460.3999939,0.716,12.477,0.207
52000,2,48.638851833,8.9426435,460.3999939,0.695,12.478,0.207
52100,2,48.638851667,8.942645167,460.3999939,0.737,12.478,0.204
52200,2,48.638851,8.942647333,460.3999939,0.814,12.478,0.207
52400,2,48.638851,8.94265,460.3999939,0.735,12.479,0.211
52500,2,48.638850833,8.942652,460.3999939,0.816,12.478,0.214
52700,2,48.638849833,8.942655,460.5,0.827,12.479,0.21
52800,2,48.638849667,8.9426565,460.5,0.793,12.478,0.206
53000,2,48.638849167,8.94266,460.5,0.793,12.477,0.216
53100,2,48.638849,8.9426615,460.5,0.639,12.479,0.219
53200,2,48.638848833,8.942663167,460.5,0.74,12.479,0.211
53400,2,48.638848333,8.9426665,460.5,0.856,12.479,0.204
53500,2,48.638848333,8.942667833,460.5,0.721,12.478,0.203
53600,2,48.638847833,8.94267,460.5,0.801,12.478,0.21
53700,2,48.6388475,8.942672333,460.5,0.705,12.481,0.211
53900,2,48.638847333,8.9426755,460.6000061,0.88,12.479,0.208
54100,2,48.638846833,8.942678333,460.5,0.92,12.478,0.21
54200,2,48.6388465,8.942679833,460.5,0.676,12.48,0.212
54400,2,48.638846167,8.942682833,460.6000061,0.901,12.479,0.211
54600,2,48.638845833,8.9426855,460.6000061,0.793,12.479,0.212
54700,2,48.638845667,8.942686833,460.5,0.838,12.479,0.212
54800,2,48.638845667,8.942688167,460.5,0.832,12.48,0.214
54900,2,48.638845667,8.942689667,460.6000061,0.896,12.48,0.207
55000,2,48.638845667,8.942691167,460.6000061,0.816,12.48,0.205
55100,2,48.638845667,8.942692,460.70001221,0.835,12.479,0.205
55200,2,48.638845667,8.942693167,460.70001221,0.883,12.479,0.203
55400,2,48.638845667,8.942695167,460.70001221,0.927,12.479,0.208
55500,2,48.6388455,8.9426965,460.70001221,0.877,12.48,0.203
55600,2,48.6388455,8.942697667,460.70001221,0.92,12.48,0.206
55700,2,48.638845667,8.942698667,460.70001221,0.798,12.48,0.203
55800,2,48.638845667,8.9426995,460.70001221,0.787,12.478,0.211
55900,2,48.638845833,8.942700167,460.70001221,0.896,12.477,0.214
56000,2,48.638845833,8.942701,460.70001221,0.835,12.479,0.214
56100,2,48.638846,8.942701833,460.70001221,0.92,12.48,0.211
56200,2,48.638846167,8.942702667,460.70001221,0.901,12.481,0.208
56400,2,48.638846,8.942703833,460.79998779,0.838,12.479,0.216
56500,2,48.638845833,8.9427045,460.79998779,0.764,12.478,0.209
56600,2,48.638845667,8.942705333,460.79998779,0.732,12.479,0.207
56700,2,48.6388455,8.942706,460.79998779,0.793,12.481,0.203
56800,2,48.638845333,8.942706833,460.79998779,0.795,12.481,0.206
56900,2,48.638845167,8.942707167,460.79998779,0.893,12.481,0.202
57000,2,48.638845,8.9427075,460.79998779,0.83,12.479,0.204
57100,2,48.638845,8.9427075,460.79998779,0.867,12.479,0.204
57200,2,48.638845167,8.942707667,460.79998779,0.864,12.479,0.211
57400,2,48.638845333,8.942708,460.79998779,0.861,12.48,0.205
57500,2,48.638845167,8.942707833,460.79998779,0.766,12.48,0.205
57600,2,48.638845167,8.942707667,460.79998779,0.917,12.48,0.195
57700,2,48.638845167,8.9427075,460.79998779,0.883,12.48,0.198
57800,2,48.638845333,8.9427075,460.79998779,0.901,12.48,0.201
57900,2,48.638845,8.942707667,460.79998779,0.803,12.48,0.205
58000,2,48.638845167,8.942707667,460.79998779,0.859,12.48,0.202
58100,2,48.638845,8.9427075,460.79998779,0.795,12.48,0.204
58200,2,48.638845,8.942707667,460.79998779,0.793,12.48,0.209
58300,2,48.638845167,8.942707667,460.79998779,0.898,12.481,0.215
58400,2,48.638845167,8.942707667,460.79998779,0.824,12.481,0.212
58500,2,48.638845,8.942707667,460.79998779,0.803,12.481,0.209
58600,2,48.638844833,8.9427075,460.79998779,0.906,12.48,0.205
58700,2,48.638844833,8.942707667,460.79998779,0.954,12.48,0.205
58800,2,48.638844667,8.9427075,460.79998779,0.925,12.48,0.201
58900,2,48.638844833,8.9427075,460.79998779,0.885,12.481,0.202
59000,2,48.638844833,8.9427075,460.79998779,0.867,12.481,0.206
59100,2,48.638844833,8.9427075,460.79998779,0.893,12.48,0.215
59200,2,48.638844667,8.942707667,460.79998779,0.798,12.48,0.219
59300,2,48.638844667,8.942707667,460.79998779,0.869,12.481,0.218
59400,2,48.638844833,8.942708,460.79998779,0.745,12.48,0.213
59500,2,48.638845,8.942708167,460.79998779,0.777,12.48,0.216
59600,2,48.638845,8.942708333,460.79998779,0.787,12.479,0.213
59700,2,48.638845167,8.942708333,460.79998779,0.917,12.48,0.215
59800,2,48.638845167,8.9427085,460.79998779,0.824,12.48,0.212
59900,2,48.638845167,8.942708167,460.79998779,0.962,12.481,0.214
60000,2,48.638845,8.942708333,460.79998779,0.935,12.48,0.212
60100,2,48.638845,8.942708333,460.79998779,0.906,12.48,0.208
60200,2,48.638844833,8.942708333,460.79998779,0.824,12.48,0.206
60400,2,48.638844833,8.942708,460.79998779,0.793,12.479,0.204
60500,2,48.638844833,8.942708333,460.79998779,0.883,12.48,0.206
60600,2,48.638845,8.942708167,460.79998779,0.806,12.481,0.202
60700,2,48.638844667,8.9427085,460.70001221,0.809,12.482,0.207
60800,2,48.6388445,8.942708667,460.70001221,0.822,12.481,0.211
60900,2,48.638844833,8.9427085,460.79998779,0.756,12.48,0.214
61000,2,48.638844667,8.942708333,460.79998779,0.869,12.48,0.21
61100,2,48.638844667,8.9427085,460.70001221,0.806,12.48,0.204
61200,2,48.6388445,8.942708667,460.79998779,0.816,12.481,0.206
61300,2,48.638844333,8.942709167,460.79998779,0.838,12.48,0.206
61400,2,48.638844333,8.942709667,460.79998779,0.75,12.48,0.21
61500,2,48.638844667,8.942710333,461.0,0.819,12.48,0.203
61600,2,48.638845167,8.942710833,461.1000061,0.801,12.48,0.208
61700,2,48.638845167,8.942711167,461.0,0.853,12.48,0.212
61800,2,48.638845,8.942711167,461.0,0.851,12.48,0.214
61900,2,48.638845,8.9427115,461.0,0.848,12.48,0.21
62100,2,48.638844833,8.942712167,461.0,0.88,12.481,0.208
62200,2,48.638844833,8.942712167,461.0,0.975,12.481,0.21
62400,2,48.638844833,8.942712167,461.0,0.885,12.48,0.206
62500,2,48.638844667,8.942712167,461.0,0.904,12.481,0.203
62600,2,48.638844667,8.942712,460.8999939,0.856,12.48,0.204
62700,2,48.6388445,8.942712,460.8999939,0.774,12.48,0.208
62900,2,48.6388445,8.942712167,460.8999939,0.764,12.48,0.21
63000,2,48.6388445,8.942711833,461.0,0.898,12.48,0.206
63100,2,48.638844333,8.942711667,461.0,0.814,12.48,0.209
63300,2,48.6388445,8.942711167,461.0,0.859,12.48,0.211
63500,2,48.6388445,8.942711,461.0,0.758,12.48,0.204
63600,2,48.638844333,8.942711,460.8999939,0.729,12.48,0.199
63800,2,48.638844167,8.942710667,460.8999939,0.75,12.48,0.199
64000,2,48.638844,8.942710833,461.0,0.729,12.481,0.207
64100,2,48.638843833,8.942710667,461.0,0.695,12.481,0.209
64200,2,48.638843833,8.942710333,460.8999939,0.883,12.48,0.207
64400,2,48.638843833,8.942710167,460.8999939,0.806,12.48,0.205
64600,2,48.638844,8.942709667,460.8999939,0.824,12.48,0.215
64800,2,48.638844167,8.942709333,461.0,0.814,12.48,0.219
65000,2,48.638844167,8.942709167,461.0,0.721,12.48,0.216
65100,2,48.638844,8.942708667,461.0,0.74,12.48,0.217
65200,2,48.638844,8.9427085,460.8999939,0.84,12.48,0.213
65400,2,48.638844,8.942708167,460.8999939,0.756,12.48,0.208
65500,2,48.638844,8.942708167,460.8999939,0.772,12.48,0.207
65600,2,48.638844,8.942708167,460.8999939,0.822,12.48,0.213
65700,2,48.638844167,8.942707667,460.8999939,0.803,12.481,0.213
65800,2,48.638844167,8.9427075,460.8999939,0.893,12.481,0.221
65900,2,48.638844333,8.942707833,460.8999939,0.737,12.481,0.213
66000,2,48.638844333,8.942707833,460.8999939,0.729,12.481,0.211
66100,2,48.638844333,8.942708,460.8999939,0.798,12.481,0.202
66200,2,48.638844333,8.942708167,460.8999939,0.793,12.482,0.205
66400,2,48.638844333,8.942708167,460.8999939,0.777,12.482,0.211
66500,2,48.638844333,8.942708333,461.0,0.893,12.481,0.215
66600,2,48.638844,8.9427085,461.0,0.872,12.48,0.214
66700,2,48.638843833,8.9427085,461.0,0.814,12.48,0.213
66800,2,48.638843833,8.9427085,461.1000061,0.798,12.48,0.212
66900,2,48.638843667,8.942708667,461.1000061,0.75,12.48,0.207
67000,2,48.638843667,8.942708667,461.1000061,0.774,12.48,0.204
67100,2,48.638843333,8.942709,461.1000061,0.756,12.481,0.202
67200,2,48.638843167,8.942709333,461.1000061,0.761,12.48,0.208
67400,2,48.638843167,8.9427095,461.1000061,0.75,12.481,0.202
67500,2,48.638843,8.9427095,461.1000061,0.724,12.481,0.204
67600,2,48.638843,8.942709667,461.1000061,0.75,12.482,0.202
67700,2,48.638842833,8.942709833,461.1000061,0.832,12.481,0.21
67800,2,48.638842833,8.94271,461.1000061,0.867,12.481,0.211
67900,2,48.638842833,8.94271,461.1000061,0.843,12.48,0.209
68000,2,48.638842833,8.942710333,461.1000061,0.74,12.481,0.209
68100,2,48.638842667,8.9427105,461.1000061,0.806,12.481,0.21
68200,2,48.638842667,8.9427105,461.20001221,0.859,12.481,0.212
68400,2,48.6388425,8.942711,461.20001221,0.848,12.481,0.207
68500,2,48.638842333,8.942711167,461.20001221,0.782,12.481,0.205
68600,2,48.638842167,8.9427115,461.1000061,0.846,12.48,0.202
68700,2,48.638842,8.942711833,461.20001221,0.848,12.481,0.206
68800,2,48.638841667,8.942712333,461.20001221,0.742,12.481,0.21
68900,2,48.638841333,8.942712833,461.20001221,0.74,12.481,0.211
69000,2,48.638840667,8.942714,461.20001221,0.861,12.481,0.21
69100,2,48.63884,8.942714833,461.29998779,0.846,12.482,0.209
69200,2,48.638839833,8.942715333,461.29998779,0.793,12.481,0.214
69400,2,48.638839333,8.942716167,461.29998779,0.885,12.48,0.21
69500,2,48.638839167,8.9427165,461.29998779,0.88,12.481,0.207
69600,2,48.638838833,8.942716833,461.29998779,0.822,12.481,0.204
69700,2,48.638838667,8.9427175,461.29998779,0.912,12.482,0.205
69800,2,48.638838167,8.9427185,461.29998779,0.859,12.481,0.206
69900,2,48.638838,8.942719167,461.3999939,0.949,12.481,0.204
70000,2,48.638837667,8.942719833,461.3999939,0.949,12.481,0.201
70100,2,48.638837333,8.9427205,461.3999939,0.869,12.481,0.207
70200,2,48.638837,8.942721167,461.3999939,0.864,12.481,0.214
70400,2,48.638836,8.9427225,461.3999939,0.864,12.48,0.211
70500,2,48.6388355,8.942723,461.3999939,0.803,12.48,0.214
70600,2,48.638834833,8.942724,461.3999939,0.875,12.48,0.212
70700,2,48.638834333,8.942724667,461.3999939,1.012,12.48,0.211
70900,2,48.6388335,8.942726167,461.3999939,0.893,12.48,0.2
71000,2,48.638833,8.942726833,461.3999939,0.904,12.48,0.204
71100,2,48.6388325,8.942727833,461.29998779,0.867,12.48,0.205
71200,2,48.638832167,8.942728833,461.29998779,0.909,12.481,0.201
71400,2,48.638831167,8.942730833,461.29998779,0.941,12.481,0.199
71500,2,48.638830833,8.942731667,461.29998779,1.067,12.48,0.206
71600,2,48.6388305,8.942732667,461.29998779,0.819,12.48,0.208
71800,2,48.638829167,8.942735333,461.29998779,0.925,12.48,0.209
71900,2,48.6388285,8.942736333,461.3999939,0.869,12.48,0.212
72100,2,48.638827833,8.942738833,461.3999939,0.954,12.48,0.211
72200,2,48.638827833,8.942739833,461.3999939,0.927,12.48,0.216
72400,2,48.638827833,8.942742167,461.3999939,0.869,12.481,0.221
72500,2,48.638828,8.9427425,461.3999939,0.893,12.481,0.216
72600,2,48.638828333,8.942742833,461.3999939,0.978,12.481,0.215
72700,2,48.638828333,8.9427435,461.3999939,1.041,12.48,0.211
72800,2,48.638828167,8.942743833,461.3999939,1.038,12.48,0.208
72900,2,48.638828333,8.942744167,461.5,1.062,12.481,0.214
73000,2,48.638828667,8.942744667,461.3999939,0.996,12.481,0.218
73100,2,48.638828833,8.942745,461.3999939,0.925,12.48,0.224
73200,2,48.6388285,8.942745,461.3999939,0.798,12.48,0.213
73400,2,48.638828833,8.942744333,461.29998779,0.904,12.48,0.2
73500,2,48.638829167,8.942743667,461.29998779,0.893,12.48,0.204
73700,2,48.638829333,8.942742833,461.20001221,0.769,12.48,0.209
73800,2,48.638829667,8.942742167,461.20001221,0.79,12.48,0.206
73900,2,48.638830167,8.942741833,461.1000061,0.579,12.48,0.212
74000,2,48.638830333,8.942741,461.0,0.581,12.481,0.204
74200,2,48.638831,8.942740667,460.8999939,0.473,12.48,0.207
74400,2,48.638831333,8.9427405,460.79998779,0.262,12.48,0.212
74600,2,48.6388315,8.942739833,460.70001221,0.193,12.479,0.21
74800,2,48.638831667,8.9427395,460.70001221,0.169,12.479,0.208
75000,2,48.6388315,8.942739167,460.6000061,0.174,12.481,0.209
75100,2,48.638831333,8.942738833,460.70001221,0.058,12.481,0.21
75200,2,48.638831167,8.9427385,460.6000061,0.1,12.481,0.205
75400,2,48.638831167,8.942738,460.70001221,0.1,12.48,0.203
75500,2,48.638830833,8.942738,460.70001221,0.188,12.48,0.206
75600,2,48.6388305,8.942738,460.70001221,0.174,12.48,0.21
75700,2,48.638830167,8.942738167,460.70001221,0.198,12.481,0.212
75800,2,48.638829833,8.9427385,460.70001221,0.211,12.481,0.211
75900,2,48.6388295,8.942738667,460.70001221,0.235,12.481,0.211
76000,2,48.638829333,8.9427385,460.70001221,0.1,12.481,0.207
76100,2,48.638829167,8.942738667,460.70001221,0.029,12.481,0.21
76200,2,48.638829167,8.942738667,460.70001221,0.0,12.481,0.204
76400,2,48.638829167,8.942738667,460.70001221,0.23,12.481,0.208
76500,2,48.638829167,8.942738833,460.70001221,0.248,12.481,0.207
76600,2,48.638829167,8.942738833,460.70001221,0.159,12.481,0.206
76700,2,48.638829167,8.942738833,460.70001221,0.071,12.48,0.205
76800,2,48.638829,8.942738833,460.70001221,0.148,12.48,0.206
76900,2,48.638829,8.942739,460.70001221,0.193,12.48,0.208
77000,2,48.638829,8.942739167,460.6000061,0.132,12.481,0.203
77100,2,48.6388295,8.942739167,460.70001221,0.193,12.481,0.204
77200,2,48.638829167,8.942739167,460.6000061,0.063,12.481,0.211
77400,2,48.638829167,8.9427395,460.6000061,0.09,12.481,0.217
77500,2,48.638829333,8.942739333,460.6000061,0.092,12.481,0.211
77600,2,48.6388295,8.9427395,460.5,0.05,12.48,0.206
77800,2,48.6388295,8.9427395,460.5,0.092,12.48,0.203
77900,2,48.6388295,8.942739667,460.5,0.148,12.48,0.202
78100,2,48.6388295,8.942739833,460.5,0.037,12.48,0.205
78200,2,48.638829667,8.942740167,460.3999939,0.137,12.457,1.2
78400,2,48.638829833,8.942740333,460.3999939,0.05,12.435,2.12
78600,2,48.638829833,8.942740667,460.29998779,0.182,12.454,1.274
78700,2,48.638829833,8.942740833,460.29998779,0.256,12.478,0.265
78900,2,48.638829833,8.942741,460.20001221,0.172,12.479,0.215
79100,2,48.638829833,8.942741167,460.20001221,0.153,12.479,0.228
79200,2,48.638829667,8.942741333,460.1000061,0.127,12.479,0.222
79400,2,48.638829667,8.9427415,460.1000061,0.235,12.479,0.21
79600,2,48.638829833,8.942741833,460.1000061,0.164,12.48,0.206
79700,2,48.638829833,8.942742,460.1000061,0.127,12.48,0.202
79900,2,48.63883,8.942742167,460.0,0.092,12.441,1.877
80100,2,48.63883,8.942742333,460.0,0.024,12.178,13.354
80200,2,48.63883,8.942742333,460.0,0.148,11.824,28.492
80400,2,48.63883,8.942741833,460.0,0.116,11.632,36.382
80600,2,48.638830667,8.942739667,460.0,0.209,11.533,40.095
80700,2,48.638831167,8.942737833,460.0,0.124,11.6,36.682
80900,2,48.6388325,8.942732667,460.0,0.174,11.702,31.829
81000,2,48.638833333,8.942729667,459.8999939,0.174,11.735,30.19
81200,2,48.638835167,8.942722167,459.8999939,0.219,11.467,41.648
81400,2,48.6388375,8.942712833,459.8999939,0.246,11.359,45.952
81600,2,48.6388405,8.942701667,459.8999939,0.386,11.385,44.275
81700,2,48.638842333,8.942695333,459.8999939,0.399,11.405,43.063
81900,2,48.638846167,8.942681167,459.8999939,0.454,11.405,42.545
82100,2,48.638849833,8.942665,459.8999939,0.447,11.42,41.569
82200,2,48.638851667,8.942656,459.8999939,0.42,11.454,39.817
82500,2,48.638856,8.9426265,459.8999939,0.365,11.445,39.888
82600,2,48.638857,8.942615833,459.8999939,0.481,11.444,39.833
82700,2,48.638858,8.9426045,459.79998779,0.521,11.441,39.8
82900,2,48.638859833,8.942581167,459.70001221,0.679,11.491,37.348
83100,2,48.638861,8.942557,459.79998779,0.97,11.583,33.143
83200,2,48.638861667,8.942545,459.8999939,1.593,11.579,33.185
83400,2,48.6388635,8.942521667,460.1000061,1.815,11.576,33.131
83600,2,48.638866333,8.942499167,460.3999939,1.802,11.573,33.105
83800,2,48.6388705,8.9424775,460.70001221,2.354,11.573,32.992
84000,2,48.638876167,8.942457333,461.1000061,2.854,11.571,32.927
84100,2,48.638879667,8.9424485,461.29998779,2.798,11.565,33.061
84300,2,48.638888167,8.942433167,461.70001221,2.523,11.559,33.105
84500,2,48.638898167,8.942419833,461.8999939,2.286,11.558,33.12
84700,2,48.638909667,8.942406833,461.79998779,2.412,11.597,31.301
84900,2,48.638922333,8.942394167,461.3999939,2.547,11.612,30.59
85100,2,48.638936167,8.942382,461.1000061,3.324,11.611,30.516
85300,2,48.638950167,8.942370667,461.1000061,3.171,11.605,30.621
85500,2,48.638963833,8.942360167,461.29998779,2.785,11.597,30.893
85600,2,48.638970333,8.942355167,461.3999939,2.51,11.593,31.069
85700,2,48.638977,8.942350167,461.5,2.523,11.592,30.988
85900,2,48.638990667,8.942341,461.70001221,2.708,11.592,30.766
86000,2,48.6389975,8.9423365,461.79998779,2.843,11.595,30.705
86100,2,48.6390045,8.942332167,462.0,2.764,11.593,30.819
86200,2,48.6390115,8.942327833,462.1000061,3.012,11.594,30.676
86400,2,48.639025667,8.942318667,462.3999939,3.453,11.593,30.595
86500,2,48.639032333,8.942313667,462.5,3.773,11.593,30.542
86600,2,48.639039,8.942308167,462.70001221,3.765,11.592,30.548
86700,2,48.639045333,8.942302333,462.8999939,4.201,11.593,30.487
86800,2,48.6390515,8.942296,463.1000061,4.473,11.592,30.521
86900,2,48.639057333,8.942289167,463.29998779,4.402,11.588,30.505
87000,2,48.639062667,8.942281667,463.5,4.555,11.584,30.523
87100,2,48.6390675,8.9422735,463.70001221,4.814,11.586,30.408
87200,2,48.639072167,8.942264667,463.8999939,5.118,11.587,30.364
87400,2,48.639080333,8.942245833,464.29998779,5.39,11.586,30.39
87500,2,48.6390835,8.9422355,464.6000061,5.633,11.585,30.393
87600,2,48.639086167,8.942224667,464.79998779,5.768,11.583,30.435
87700,2,48.639088167,8.942213333,465.0,6.122,11.581,30.457
87800,2,48.6390895,8.942201667,465.20001221,6.434,11.58,30.42
88000,2,48.63909,8.942176667,465.5,6.571,11.579,30.37
88200,2,48.639087333,8.942150667,465.79998779,7.044,11.576,30.362
88400,2,48.639082,8.9421245,466.1000061,7.145,11.571,30.533
88600,2,48.639074833,8.942098667,466.5,7.412,11.568,30.504
88800,2,48.639067,8.942073167,466.79998779,7.906,11.566,30.561
88900,2,48.639062833,8.942060667,467.0,8.217,11.563,30.661
89000,2,48.639059,8.942048333,467.29998779,8.484,11.562,30.707
89200,2,48.639051,8.942024667,467.79998779,8.725,11.561,30.642
89400,2,48.639043333,8.942002167,468.3999939,9.018,11.557,30.717
89500,2,48.639039833,8.941991167,468.70001221,9.306,11.562,30.511
89700,2,48.639032833,8.941969,469.29998779,9.705,11.557,30.586
89800,2,48.6390295,8.941957833,469.5,10.006,11.555,30.621
90000,2,48.639023,8.941935667,469.8999939,10.577,11.558,30.508
90200,2,48.6390165,8.9419135,470.3999939,11.359,11.657,26.033
90400,2,48.639009667,8.941892,470.79998779,11.991,11.824,18.59
90600,2,48.639001833,8.941871833,471.29998779,12.157,11.936,13.847
90700,2,48.6389975,8.941862333,471.5,12.271,11.978,12.063
90800,2,48.638992833,8.941853,471.70001221,12.157,11.994,11.512
90900,2,48.638987833,8.941844,471.8999939,12.35,11.986,12.005
91000,2,48.638982667,8.941835,472.0,12.553,11.986,12.057
91100,2,48.638977167,8.941826333,472.1000061,12.44,11.989,12.009
91200,2,48.638971167,8.941817833,472.20001221,12.606,11.994,11.95
91400,2,48.6389585,8.941801,472.3999939,12.67,11.997,11.946
91500,2,48.638951333,8.941793,472.29998779,12.456,12.001,11.837
91700,2,48.638936167,8.941777167,472.20001221,12.606,12.002,11.843
91900,2,48.638919,8.941763833,471.8999939,12.762,12.001,12.013
92000,2,48.638909833,8.941758333,471.79998779,12.413,12.001,12.07
92200,2,48.638890667,8.941749833,471.5,11.578,12.004,12.066
92400,2,48.638870167,8.941744,471.0,11.425,12.005,12.076
92600,2,48.638848833,8.941740667,470.3999939,10.873,12.01,11.866
92800,2,48.638826333,8.9417395,469.79998779,10.329,12.015,11.81
93000,2,48.638803167,8.941739667,469.20001221,9.528,12.016,11.84
93200,2,48.6387795,8.94174,468.5,9.422,12.012,11.957
93400,2,48.6387555,8.941739667,468.0,9.2,12.01,12.127
93600,2,48.638732167,8.941737667,467.6000061,9.169,12.01,12.22
93800,2,48.638709833,8.9417335,467.20001221,8.746,12.106,7.99
94000,2,48.638688833,8.941726333,466.70001221,7.538,12.271,0.831
94200,2,48.638668833,8.9417165,466.1000061,6.756,12.289,0.37
94400,2,48.638650667,8.941705,465.3999939,6.209,12.292,0.369
94600,2,48.6386335,8.941690667,464.6000061,5.108,12.298,0.375
94800,2,48.638617333,8.941674,463.70001221,4.841,12.301,0.362
94900,2,48.638609833,8.941664833,463.20001221,4.378,12.303,0.36
95100,2,48.638595,8.941645333,462.3999939,3.588,12.308,0.314
95300,2,48.638580167,8.9416255,461.6000061,2.843,12.314,0.225
95500,2,48.638567833,8.941606833,460.8999939,3.451,12.315,0.228
95600,2,48.638565167,8.9416015,460.70001221,1.342,12.317,0.221
95700,2,48.638564833,8.941598667,460.79998779,0.523,12.319,0.212
95900,2,48.638564333,8.9415975,460.70001221,0.531,12.321,0.216
96000,2,48.638564333,8.9415975,460.79998779,0.486,12.323,0.218
96100,2,48.6385645,8.941597667,460.79998779,0.425,12.325,0.221
96200,2,48.6385645,8.9415975,460.79998779,0.452,12.326,0.218
96400,2,48.6385645,8.941597667,460.79998779,0.454,12.328,0.222
96500,2,48.6385645,8.9415975,460.79998779,0.528,12.329,0.224
96600,2,48.6385645,8.9415975,460.79998779,0.431,12.331,0.227
96700,2,48.6385645,8.9415975,460.79998779,0.497,12.332,0.222
96800,2,48.6385645,8.9415975,460.79998779,0.325,12.333,0.222
96900,2,48.6385645,8.941597333,460.79998779,0.46,12.334,0.217
97000,2,48.6385645,8.9415975,460.79998779,0.423,12.335,0.217
97100,2,48.6385645,8.9415975,460.79998779,0.454,12.336,0.219
97200,2,48.6385645,8.9415975,460.79998779,0.505,12.337,0.226
97400,2,48.6385645,8.9415975,460.79998779,0.486,12.338,0.216
97500,2,48.6385645,8.9415975,460.79998779,0.46,12.339,0.216
97600,2,48.6385645,8.9415975,460.79998779,0.452,12.341,0.21
97700,2,48.6385645,8.9415975,460.79998779,0.51,12.342,0.209
97800,2,48.6385645,8.9415975,460.70001221,0.505,12.343,0.212
97900,2,48.6385645,8.9415975,460.70001221,0.542,12.344,0.216
98000,2,48.6385645,8.941597667,460.70001221,0.56,12.345,0.224
98200,2,48.6385645,8.941597667,460.70001221,0.41,12.346,0.219
98400,2,48.6385645,8.941597667,460.70001221,0.436,12.347,0.216
98500,2,48.6385645,8.941597667,460.70001221,0.394,12.349,0.218
98600,2,48.6385645,8.941597667,460.70001221,0.367,12.35,0.221
98800,2,48.638564333,8.941597667,460.70001221,0.439,12.351,0.221
99000,2,48.638564333,8.941597667,460.70001221,0.304,12.351,0.221
99100,2,48.638564333,8.9415975,460.70001221,0.322,12.353,0.22
99300,2,48.638564333,8.9415975,460.70001221,0.38,12.355,0.208
99500,2,48.638564333,8.9415975,460.70001221,0.41,12.356,0.208
99700,2,48.638564333,8.941597667,460.70001221,0.388,12.358,0.209
99800,2,48.638564333,8.9415975,460.70001221,0.412,12.358,0.212
100000,2,48.638564167,8.9415975,460.70001221,0.357,12.359,0.223
100100,2,48.638564333,8.9415975,460.70001221,0.365,12.36,0.221
100300,2,48.638564333,8.9415975,460.70001221,0.399,12.362,0.219
100500,2,48.638564167,8.9415975,460.70001221,0.357,12.362,0.216
100600,2,48.638564333,8.9415975,460.70001221,0.42,12.363,0.219
100800,2,48.638564333,8.9415975,460.70001221,0.322,12.364,0.214
100900,2,48.638564333,8.9415975,460.70001221,0.301,12.365,0.218
101100,2,48.638564333,8.941597333,460.70001221,0.415,12.366,0.226
101200,2,48.638564333,8.941597333,460.70001221,0.431,12.366,0.224
101400,2,48.638564333,8.941597167,460.70001221,0.42,12.366,0.223
101500,2,48.638564333,8.941597167,460.70001221,0.531,12.367,0.215
101600,2,48.638564167,8.941597167,460.70001221,0.399,12.368,0.214
101700,2,48.638564167,8.941597167,460.70001221,0.346,12.369,0.213
101800,2,48.638564167,8.941597167,460.70001221,0.415,12.369,0.213
102000,2,48.638564167,8.941597,460.70001221,0.491,12.37,0.213
102100,2,48.638564167,8.941597,460.70001221,0.476,12.37,0.214
102300,2,48.638564167,8.941597,460.70001221,0.42,12.371,0.218
102500,2,48.638564167,8.941597,460.70001221,0.336,12.371,0.219
102700,2,48.638564167,8.941597,460.70001221,0.264,12.373,0.222
102800,2,48.638564167,8.941596833,460.70001221,0.333,12.373,0.217
103000,2,48.638564167,8.941596833,460.70001221,0.383,12.373,0.213
103200,2,48.638564,8.941596833,460.70001221,0.47,12.375,0.21
103400,2,48.638564,8.941596833,460.70001221,0.571,12.374,0.213
103600,2,48.638564,8.941596667,460.70001221,0.415,12.376,0.212
103700,2,48.638564,8.941596667,460.70001221,0.365,12.377,0.218
103900,2,48.638564,8.941596833,460.70001221,0.338,12.377,0.219
104100,2,48.638564,8.941596833,460.70001221,0.338,12.377,0.216
104200,2,48.638564,8.941596667,460.70001221,0.357,12.377,0.213
104400,2,48.638564,8.941596667,460.70001221,0.441,12.378,0.217
104600,2,48.638564,8.941596667,460.70001221,0.41,12.378,0.212
104700,2,48.638564,8.9415965,460.70001221,0.41,12.378,0.211
104800,2,48.638564,8.9415965,460.70001221,0.449,12.378,0.21
105000,2,48.638564,8.9415965,460.70001221,0.314,12.379,0.208
105100,2,48.638563833,8.9415965,460.70001221,0.367,12.38,0.212
105200,2,48.638563833,8.9415965,460.70001221,0.322,12.38,0.209
105400,2,48.638563667,8.9415965,460.70001221,0.375,12.38,0.213
105500,2,48.638563667,8.941596333,460.70001221,0.351,12.381,0.208
105600,2,48.638563667,8.941596333,460.70001221,0.465,12.381,0.211
105700,2,48.638563667,8.941596333,460.70001221,0.465,12.382,0.213
105800,2,48.6385635,8.941596333,460.70001221,0.454,12.381,0.213
105900,2,48.6385635,8.941596333,460.70001221,0.388,12.382,0.209
106000,2,48.6385635,8.941596333,460.70001221,0.528,12.382,0.208
106100,2,48.6385635,8.941596167,460.70001221,0.476,12.383,0.207
106200,2,48.6385635,8.941596167,460.70001221,0.32,12.383,0.211
106400,2,48.6385635,8.941596167,460.70001221,0.491,12.383,0.218
106500,2,48.6385635,8.941596167,460.70001221,0.534,12.383,0.219
106600,2,48.638563333,8.941596167,460.70001221,0.587,12.384,0.219
106700,2,48.638563333,8.941596167,460.70001221,0.536,12.384,0.215
106800,2,48.638563333,8.941596167,460.70001221,0.417,12.384,0.218
106900,2,48.638563167,8.941596167,460.70001221,0.536,12.384,0.213
107000,2,48.638563167,8.941596,460.70001221,0.491,12.385,0.214
107100,2,48.638563,8.941596,460.70001221,0.555,12.386,0.21
107200,2,48.638563,8.941596,460.70001221,0.396,12.385,0.213
107400,2,48.638563,8.941595833,460.70001221,0.465,12.386,0.212
107500,2,48.638562833,8.941595833,460.70001221,0.42,12.386,0.208
107600,2,48.638562833,8.941595667,460.79998779,0.447,12.386,0.212
107700,2,48.638562667,8.941595667,460.79998779,0.454,12.387,0.214
107800,2,48.638562667,8.941595667,460.79998779,0.576,12.387,0.217
107900,2,48.638562667,8.941595667,460.79998779,0.531,12.387,0.211
108000,2,48.6385625,8.9415955,460.79998779,0.423,12.387,0.213
108100,2,48.6385625,8.9415955,460.79998779,0.531,12.387,0.209
108200,2,48.6385625,8.9415955,460.79998779,0.425,12.387,0.211
108400,2,48.6385625,8.941595333,460.79998779,0.489,12.387,0.212
108600,2,48.638562333,8.941595333,460.79998779,0.568,12.387,0.212
108700,2,48.638562333,8.941595333,460.79998779,0.465,12.387,0.214
108900,2,48.638562333,8.941595167,460.79998779,0.462,12.387,0.213
109100,2,48.638562333,8.941595167,460.79998779,0.521,12.387,0.215
109200,2,48.638562333,8.941595167,460.79998779,0.394,12.388,0.216
109400,2,48.638562333,8.941595,460.79998779,0.365,12.388,0.209
109600,2,48.638562167,8.941595,460.79998779,0.415,12.389,0.209
109700,2,48.638562167,8.941595,460.79998779,0.423,12.389,0.213
109900,2,48.638562167,8.941595,460.79998779,0.33,12.389,0.211
110000,2,48.638562167,8.941594833,460.79998779,0.399,12.389,0.214
110100,2,48.638562167,8.941594833,460.79998779,0.497,12.389,0.211
110200,2,48.638562,8.941594833,460.79998779,0.431,12.389,0.209
110400,2,48.638562,8.941594833,460.79998779,0.454,12.389,0.205
110500,2,48.638562,8.941594667,460.79998779,0.444,12.389,0.211
110600,2,48.638562,8.941594667,460.79998779,0.425,12.39,0.217
110700,2,48.638561833,8.941594667,460.8999939,0.425,12.39,0.221
110800,2,48.638561833,8.941594667,460.8999939,0.439,12.391,0.216
110900,2,48.638561833,8.941594667,460.8999939,0.507,12.391,0.215
111000,2,48.638561667,8.941594667,460.8999939,0.431,12.391,0.212
111100,2,48.638561667,8.941594667,460.8999939,0.312,12.391,0.214
111200,2,48.638561667,8.941594667,460.8999939,0.528,12.391,0.208
111400,2,48.638561667,8.9415945,460.8999939,0.378,12.391,0.212
111500,2,48.638561667,8.9415945,460.8999939,0.378,12.391,0.214
111600,2,48.6385615,8.9415945,460.8999939,0.486,12.391,0.215
111700,2,48.6385615,8.9415945,460.8999939,0.399,12.392,0.21
111800,2,48.6385615,8.9415945,460.8999939,0.386,12.391,0.212
111900,2,48.638561333,8.9415945,460.8999939,0.386,12.392,0.209
112000,2,48.638561333,8.9415945,460.8999939,0.428,12.392,0.215
112100,2,48.638561333,8.9415945,460.8999939,0.346,12.392,0.217
112200,2,48.638561333,8.941594333,460.8999939,0.433,12.392,0.214
112400,2,48.638561333,8.941594333,460.8999939,0.399,12.391,0.207
112500,2,48.638561167,8.941594333,461.0,0.383,12.391,0.208
112600,2,48.638561167,8.941594333,461.0,0.375,12.392,0.205
112700,2,48.638561167,8.941594333,461.0,0.454,12.393,0.205
112800,2,48.638561167,8.941594333,461.0,0.428,12.393,0.209
112900,2,48.638561167,8.941594333,461.0,0.336,12.393,0.216
113000,2,48.638561,8.941594167,461.0,0.399,12.392,0.217
113100,2,48.638561,8.941594167,461.0,0.41,12.393,0.212
113200,2,48.638561,8.941594333,461.0,0.454,12.393,0.21
113400,2,48.638561,8.941594167,461.0,0.404,12.393,0.214
113500,2,48.638561,8.941594167,461.0,0.37,12.393,0.216
113600,2,48.638561,8.941594333,461.0,0.359,12.393,0.214
113700,2,48.638561,8.941594167,461.0,0.412,12.393,0.211
113800,2,48.638560833,8.941594167,461.0,0.465,12.393,0.213
113900,2,48.638560833,8.941594167,461.0,0.386,12.393,0.215
114000,2,48.638560833,8.941594167,461.0,0.433,12.393,0.215
114100,2,48.638560833,8.941594167,461.0,0.394,12.394,0.216
114200,2,48.638560833,8.941594333,461.0,0.373,12.394,0.221
114400,2,48.638560833,8.941594167,461.0,0.51,12.394,0.215
114500,2,48.638560667,8.941594167,461.0,0.365,12.394,0.205
114600,2,48.638560667,8.941594167,461.0,0.441,12.394,0.198
114700,2,48.638560667,8.941594167,461.0,0.499,12.394,0.202
114800,2,48.638560667,8.941594167,461.0,0.373,12.393,0.206
114900,2,48.638560667,8.941594167,461.0,0.38,12.394,0.204
115000,2,48.638560667,8.941594167,461.0,0.47,12.394,0.207
115100,2,48.638560667,8.941594167,461.1000061,0.481,12.394,0.207
115200,2,48.6385605,8.941594167,461.1000061,0.454,12.395,0.207
115400,2,48.6385605,8.941594167,461.1000061,0.454,12.395,0.202
115500,2,48.6385605,8.941594167,461.1000061,0.41,12.395,0.206
115600,2,48.6385605,8.941594167,461.1000061,0.428,12.395,0.213
115700,2,48.6385605,8.941594167,461.1000061,0.489,12.395,0.213
115800,2,48.6385605,8.941594167,461.1000061,0.373,12.395,0.209
115900,2,48.6385605,8.941594167,461.1000061,0.388,12.395,0.206
116000,2,48.638560333,8.941594167,461.1000061,0.354,12.395,0.21
116100,2,48.638560333,8.941594167,461.1000061,0.314,12.395,0.213
116200,2,48.638560333,8.941594167,461.1000061,0.41,12.395,0.212
116400,2,48.638560333,8.941594167,461.1000061,0.486,12.395,0.215
116500,2,48.638560333,8.941594167,461.1000061,0.523,12.395,0.213
116600,2,48.638560333,8.941594167,461.1000061,0.468,12.395,0.212
116700,2,48.638560333,8.941594167,461.1000061,0.523,12.395,0.2
116800,2,48.638560333,8.941594167,461.1000061,0.505,12.395,0.208
116900,2,48.638560333,8.941594167,461.1000061,0.494,12.395,0.211
117000,2,48.638560333,8.941594167,461.1000061,0.468,12.396,0.219
117100,2,48.638560167,8.941594333,461.1000061,0.473,12.396,0.216
117200,2,48.638560167,8.941594333,461.1000061,0.499,12.396,0.215
117400,2,48.638560167,8.941594167,461.1000061,0.499,12.396,0.21
117500,2,48.638560167,8.941594333,461.1000061,0.544,12.397,0.206
117600,2,48.638560167,8.941594333,461.1000061,0.481,12.397,0.203
117700,2,48.638560167,8.941594333,461.1000061,0.507,12.396,0.209
117800,2,48.638560167,8.941594333,461.1000061,0.439,12.396,0.209
117900,2,48.638560167,8.941594333,461.1000061,0.468,12.396,0.206
118000,2,48.638560167,8.941594333,461.1000061,0.47,12.396,0.204
118100,2,48.638560167,8.941594333,461.1000061,0.396,12.396,0.21
118200,2,48.638560167,8.941594333,461.1000061,0.478,12.396,0.216
118400,2,48.638560167,8.941594333,461.1000061,0.378,12.396,0.22
118500,2,48.638560167,8.941594333,461.1000061,0.473,12.396,0.213
118600,2,48.638560167,8.941594333,461.1000061,0.417,12.396,0.211
118700,2,48.638560167,8.941594333,461.1000061,0.497,12.396,0.215
118800,2,48.638560167,8.941594333,461.1000061,0.555,12.397,0.213
118900,2,48.638560167,8.941594333,461.1000061,0.452,12.396,0.211
119000,2,48.63856,8.941594333,461.1000061,0.417,12.396,0.206
119100,2,48.63856,8.941594333,461.1000061,0.523,12.397,0.207
119200,2,48.63856,8.941594333,461.1000061,0.447,12.397,0.211
119400,2,48.63856,8.941594333,461.1000061,0.425,12.397,0.218
119500,2,48.63856,8.941594333,461.1000061,0.452,12.397,0.22
119600,2,48.63856,8.941594333,461.1000061,0.431,12.397,0.216
119700,2,48.63856,8.941594333,461.1000061,0.402,12.397,0.212
119800,2,48.638559833,8.941594333,461.20001221,0.441,12.397,0.206
119900,2,48.638559833,8.941594333,461.1000061,0.478,12.397,0.207
120000,2,48.638559833,8.941594333,461.20001221,0.365,12.397,0.206
120100,2,48.638559833,8.941594333,461.1000061,0.465,12.397,0.212
120200,2,48.638559833,8.9415945,461.1000061,0.388,12.397,0.215
120400,2,48.638559833,8.9415945,461.1000061,0.378,12.397,0.218
120500,2,48.638559833,8.9415945,461.20001221,0.383,12.397,0.212
120600,2,48.638559833,8.9415945,461.20001221,0.489,12.398,0.207
120700,2,48.638559833,8.9415945,461.20001221,0.41,12.398,0.205
120800,2,48.638559833,8.9415945,461.1000061,0.42,12.398,0.211
120900,2,48.638559833,8.9415945,461.20001221,0.399,12.397,0.212
121000,2,48.638559667,8.9415945,461.20001221,0.42,12.397,0.215
121100,2,48.638559667,8.9415945,461.20001221,0.489,12.397,0.216
121200,2,48.638559667,8.941594667,461.20001221,0.449,12.397,0.216
121400,2,48.638559667,8.941594667,461.20001221,0.441,12.397,0.218
121500,2,48.638559667,8.941594667,461.20001221,0.431,12.397,0.22
121600,2,48.638559667,8.941594667,461.20001221,0.439,12.398,0.217
121700,2,48.638559667,8.941594667,461.20001221,0.436,12.398,0.206
121800,2,48.638559667,8.941594667,461.20001221,0.407,12.398,0.207
121900,2,48.6385595,8.941594667,461.20001221,0.375,12.398,0.212
122000,2,48.6385595,8.941594667,461.20001221,0.388,12.399,0.211
122100,2,48.638559667,8.941594667,461.20001221,0.383,12.398,0.209
122200,2,48.6385595,8.941594667,461.20001221,0.238,12.398,0.207
122400,2,48.6385595,8.941594667,461.20001221,0.436,12.398,0.216
122500,2,48.6385595,8.941594667,461.20001221,0.404,12.398,0.215
122600,2,48.6385595,8.941594667,461.20001221,0.412,12.398,0.218
122700,2,48.6385595,8.941594667,461.20001221,0.41,12.398,0.22
122800,2,48.6385595,8.941594833,461.20001221,0.365,12.398,0.221
122900,2,48.6385595,8.941594833,461.20001221,0.452,12.397,0.221
123000,2,48.6385595,8.941594833,461.20001221,0.304,12.398,0.216
123100,2,48.6385595,8.941594833,461.20001221,0.396,12.398,0.216
123200,2,48.6385595,8.941594833,461.1000061,0.37,12.398,0.212
123400,2,48.6385595,8.941594833,461.1000061,0.399,12.398,0.218
123500,2,48.6385595,8.941594833,461.1000061,0.449,12.398,0.219
123600,2,48.6385595,8.941595,461.1000061,0.481,12.398,0.221
123700,2,48.6385595,8.941594833,461.1000061,0.362,12.398,0.215
123800,2,48.6385595,8.941595,461.1000061,0.415,12.399,0.213
123900,2,48.6385595,8.941595,461.1000061,0.388,12.399,0.207
124000,2,48.6385595,8.941595,461.1000061,0.497,12.399,0.199
124100,2,48.6385595,8.941595,461.1000061,0.454,12.398,0.2
124200,2,48.6385595,8.941595,461.1000061,0.462,12.398,0.205
124400,2,48.6385595,8.941595,461.1000061,0.526,12.397,0.211
124500,2,48.6385595,8.941595,461.1000061,0.486,12.398,0.209
124600,2,48.6385595,8.941595,461.1000061,0.502,12.398,0.209
124700,2,48.6385595,8.941595,461.1000061,0.423,12.398,0.205
124800,2,48.6385595,8.941595,461.1000061,0.499,12.398,0.208
124900,2,48.6385595,8.941595,461.1000061,0.436,12.399,0.207
125000,2,48.6385595,8.941595167,461.1000061,0.441,12.399,0.212
125100,2,48.6385595,8.941595167,461.1000061,0.415,12.399,0.209
125200,2,48.6385595,8.941595167,461.1000061,0.476,12.399,0.211
125400,2,48.6385595,8.941595,461.1000061,0.486,12.399,0.208
125500,2,48.6385595,8.941595,461.1000061,0.399,12.399,0.215
125600,2,48.6385595,8.941595,461.1000061,0.452,12.399,0.216
125700,2,48.6385595,8.941595,461.1000061,0.431,12.399,0.214
125800,2,48.6385595,8.941595,461.1000061,0.38,12.399,0.21
125900,2,48.6385595,8.941595167,461.1000061,0.473,12.399,0.21
126000,2,48.6385595,8.941595167,461.1000061,0.486,12.399,0.208
126100,2,48.6385595,8.941595167,461.1000061,0.499,12.399,0.21
126200,2,48.6385595,8.941595167,461.1000061,0.433,12.4,0.209
126400,2,48.638559667,8.941595167,461.1000061,0.367,12.399,0.214
126500,2,48.6385595,8.941595167,461.1000061,0.317,12.399,0.213
126600,2,48.638559667,8.941595167,461.1000061,0.394,12.399,0.216
126700,2,48.638559667,8.941595167,461.1000061,0.505,12.399,0.215
126800,2,48.638559667,8.941595167,461.1000061,0.407,12.399,0.21
126900,2,48.638559667,8.941595167,461.1000061,0.439,12.399,0.207
127000,2,48.638559667,8.941595167,461.1000061,0.396,12.399,0.207
127100,2,48.638559667,8.941595167,461.1000061,0.402,12.399,0.217
127200,2,48.638559667,8.941595167,461.1000061,0.491,12.399,0.221
127400,2,48.638559833,8.941595167,461.1000061,0.423,12.398,0.224
127500,2,48.638559833,8.941595167,461.1000061,0.359,12.398,0.213
127600,2,48.638559833,8.941595167,461.1000061,0.473,12.398,0.212
127700,2,48.638559833,8.941595333,461.1000061,0.454,12.398,0.214
127800,2,48.638559833,8.941595333,461.1000061,0.357,12.398,0.214
127900,2,48.638559833,8.941595333,461.1000061,0.473,12.399,0.218
128000,2,48.638559833,8.941595333,461.1000061,0.484,12.4,0.217
128100,2,48.638559833,8.941595333,461.1000061,0.423,12.4,0.216
128200,2,48.638559833,8.941595333,461.1000061,0.47,12.4,0.211
128400,2,48.638559833,8.9415955,461.1000061,0.439,12.4,0.216
128500,2,48.638559833,8.941595333,461.1000061,0.539,12.4,0.213
128600,2,48.638559833,8.941595333,461.1000061,0.378,12.4,0.214
128700,2,48.638559833,8.941595333,461.1000061,0.431,12.4,0.213
128800,2,48.638559833,8.941595333,461.1000061,0.288,12.4,0.214
128900,2,48.638559833,8.941595333,461.1000061,0.349,12.4,0.211
129000,2,48.638559833,8.941595333,461.1000061,0.285,12.4,0.216
129100,2,48.638559833,8.941595333,461.1000061,0.555,12.399,0.222
129200,2,48.638559833,8.941595333,461.1000061,0.431,12.399,0.214
129400,2,48.638559833,8.941595333,461.1000061,0.444,12.399,0.205
129500,2,48.638559833,8.941595333,461.1000061,0.497,12.4,0.21
129600,2,48.638559833,8.941595333,461.1000061,0.42,12.4,0.212
129700,2,48.638559833,8.941595333,461.1000061,0.42,12.399,0.208
129800,2,48.638559667,8.941595333,461.1000061,0.478,12.399,0.205
129900,2,48.638559833,8.941595333,461.1000061,0.399,12.399,0.207
130000,2,48.638559833,8.9415955,461.1000061,0.431,12.399,0.217
130100,2,48.638559667,8.9415955,461.1000061,0.396,12.4,0.218
130200,2,48.638559833,8.9415955,461.1000061,0.396,12.399,0.221
130400,2,48.638559667,8.9415955,461.1000061,0.343,12.399,0.218
130500,2,48.638559833,8.941595667,461.1000061,0.439,12.4,0.221
130600,2,48.638559667,8.941595667,461.1000061,0.515,12.4,0.216
130700,2,48.638559667,8.941595667,461.1000061,0.544,12.4,0.216
130800,2,48.638559833,8.941595833,461.1000061,0.417,12.4,0.212
130900,2,48.638559833,8.941595833,461.1000061,0.526,12.4,0.216
131000,2,48.638559833,8.941595833,461.1000061,0.354,12.4,0.212
131100,2,48.638559833,8.941595833,461.1000061,0.444,12.401,0.213
131200,2,48.638559833,8.941596,461.1000061,0.531,12.4,0.211
131400,2,48.638559833,8.941596,461.1000061,0.365,12.4,0.215
131500,2,48.638559833,8.941596,461.0,0.505,12.4,0.21
131600,2,48.638559833,8.941596167,461.0,0.499,12.4,0.212
131700,2,48.638559833,8.941596167,461.0,0.597,12.399,0.208
131800,2,48.638559833,8.941596167,461.0,0.465,12.4,0.215
131900,2,48.638559833,8.941596333,461.0,0.452,12.4,0.214
132000,2,48.638559833,8.941596167,461.0,0.439,12.4,0.216
132100,2,48.638559833,8.941596333,461.0,0.47,12.4,0.211
132200,2,48.638559833,8.941596333,461.0,0.494,12.4,0.205
132400,2,48.638559833,8.941596333,461.0,0.576,12.4,0.207
132500,2,48.638559833,8.941596333,461.0,0.478,12.399,0.214
132600,2,48.63856,8.9415965,461.0,0.534,12.4,0.22
132700,2,48.63856,8.9415965,461.0,0.558,12.4,0.22
132800,2,48.63856,8.9415965,461.0,0.634,12.4,0.211
132900,2,48.63856,8.9415965,461.0,0.552,12.4,0.209
133000,2,48.63856,8.9415965,461.0,0.476,12.4,0.208
133100,2,48.63856,8.941596667,461.0,0.402,12.401,0.211
133200,2,48.63856,8.941596667,461.0,0.383,12.401,0.209
133400,2,48.63856,8.9415965,461.0,0.386,12.4,0.207
133500,2,48.638560167,8.941596667,461.0,0.365,12.4,0.205
133600,2,48.638560167,8.941596667,461.0,0.301,12.4,0.207
133700,2,48.638560167,8.941596667,461.0,0.521,12.4,0.206
133800,2,48.638560167,8.941596667,461.0,0.37,12.4,0.213
133900,2,48.638560167,8.941596667,461.0,0.346,12.4,0.213
134000,2,48.638560167,8.941596833,461.0,0.391,12.4,0.212
134100,2,48.638560167,8.941596833,461.0,0.407,12.4,0.212
134200,2,48.638560333,8.941596833,461.0,0.386,12.4,0.218
134400,2,48.638560167,8.941597,461.0,0.391,12.4,0.222
134500,2,48.638560333,8.941597,461.0,0.399,12.4,0.216
134600,2,48.638560333,8.941597,461.0,0.343,12.399,0.215
134700,2,48.638560333,8.941597167,460.8999939,0.465,12.4,0.217
134800,2,48.638560333,8.941597,460.8999939,0.552,12.4,0.214
134900,2,48.638560333,8.941597167,460.8999939,0.473,12.4,0.211
135000,2,48.638560333,8.941597167,460.8999939,0.378,12.4,0.21
135100,2,48.638560333,8.941597167,460.8999939,0.357,12.4,0.217
135200,2,48.638560333,8.941597167,460.8999939,0.42,12.4,0.22
135400,2,48.638560333,8.941597167,461.0,0.499,12.4,0.223
135500,2,48.638560333,8.941597167,460.8999939,0.499,12.4,0.219
135600,2,48.638560333,8.941597167,460.8999939,0.476,12.4,0.214
135700,2,48.638560333,8.941597167,460.8999939,0.465,12.4,0.21
135800,2,48.638560333,8.941597333,460.8999939,0.523,12.4,0.21
135900,2,48.638560333,8.941597333,460.8999939,0.46,12.4,0.218
136000,2,48.638560333,8.941597333,460.8999939,0.491,12.401,0.216
136100,2,48.638560333,8.941597333,460.8999939,0.476,12.401,0.221
136200,2,48.638560333,8.9415975,460.8999939,0.42,12.401,0.222
136400,2,48.638560333,8.9415975,460.8999939,0.415,12.4,0.228
136500,2,48.6385605,8.9415975,460.8999939,0.449,12.401,0.216
136600,2,48.6385605,8.9415975,460.8999939,0.473,12.401,0.211
136700,2,48.6385605,8.9415975,460.8999939,0.56,12.402,0.212
136800,2,48.6385605,8.941597667,460.8999939,0.489,12.401,0.218
136900,2,48.6385605,8.941597667,460.8999939,0.558,12.401,0.216
137000,2,48.6385605,8.941597667,460.8999939,0.521,12.401,0.218
137100,2,48.6385605,8.941597667,460.8999939,0.439,12.4,0.221
137200,2,48.6385605,8.941597667,460.8999939,0.41,12.4,0.219
137400,2,48.6385605,8.941597667,460.8999939,0.46,12.401,0.215
137500,2,48.6385605,8.941597667,460.8999939,0.465,12.401,0.211
137600,2,48.6385605,8.941597667,460.8999939,0.481,12.401,0.209
137700,2,48.6385605,8.941597833,460.8999939,0.38,12.401,0.207
137800,2,48.6385605,8.941597833,460.8999939,0.465,12.401,0.207
137900,2,48.6385605,8.941597833,460.8999939,0.486,12.401,0.205
138000,2,48.6385605,8.941597833,460.8999939,0.536,12.401,0.207
138100,2,48.6385605,8.941597833,460.8999939,0.502,12.401,0.208
138200,2,48.6385605,8.941597833,460.8999939,0.439,12.401,0.21
138400,2,48.6385605,8.941597833,460.8999939,0.457,12.401,0.211
138500,2,48.6385605,8.941597833,460.8999939,0.497,12.401,0.21
138600,2,48.6385605,8.941598,460.8999939,0.436,12.4,0.213
138700,2,48.6385605,8.941598,460.8999939,0.423,12.401,0.209
138800,2,48.6385605,8.941598,460.8999939,0.41,12.401,0.212
138900,2,48.6385605,8.941598,460.8999939,0.454,12.401,0.213
139000,2,48.6385605,8.941598,460.8999939,0.505,12.401,0.212
139100,2,48.6385605,8.941598167,460.8999939,0.539,12.401,0.205
139200,2,48.6385605,8.941598167,460.8999939,0.42,12.401,0.205
139400,2,48.638560667,8.941598167,460.8999939,0.417,12.4,0.211
139500,2,48.638560667,8.941598167,460.8999939,0.441,12.4,0.217
139600,2,48.638560667,8.941598333,460.79998779,0.388,12.4,0.222
139700,2,48.638560667,8.941598333,460.8999939,0.476,12.401,0.221
139800,2,48.638560667,8.941598333,460.8999939,0.454,12.401,0.214
139900,2,48.638560667,8.941598333,460.8999939,0.454,12.401,0.205
140000,2,48.638560667,8.941598333,460.8999939,0.47,12.401,0.207
140100,2,48.6385605,8.941598333,460.8999939,0.391,12.401,0.212
140200,2,48.6385605,8.941598333,460.8999939,0.51,12.401,0.218
140400,2,48.638560667,8.941598333,460.8999939,0.476,12.401,0.212
140500,2,48.638560667,8.9415985,460.8999939,0.465,12.401,0.208
140600,2,48.6385605,8.9415985,460.8999939,0.404,12.401,0.217
140700,2,48.6385605,8.9415985,460.8999939,0.362,12.401,0.215
140800,2,48.6385605,8.9415985,460.8999939,0.41,12.401,0.217
140900,2,48.6385605,8.9415985,460.8999939,0.447,12.401,0.212
141000,2,48.6385605,8.9415985,460.8999939,0.454,12.4,0.212
141100,2,48.6385605,8.9415985,460.8999939,0.452,12.401,0.218
141200,2,48.6385605,8.941598667,460.8999939,0.528,12.401,0.218
141400,2,48.6385605,8.9415985,460.8999939,0.465,12.401,0.213
141500,2,48.6385605,8.9415985,460.8999939,0.439,12.401,0.207
141600,2,48.6385605,8.941598667,460.8999939,0.505,12.4,0.214
141700,2,48.6385605,8.941598667,460.8999939,0.402,12.401,0.215
141800,2,48.638560667,8.941598667,460.8999939,0.476,12.401,0.221
141900,2,48.6385605,8.941598667,460.8999939,0.489,12.401,0.219
142000,2,48.6385605,8.941598667,460.8999939,0.579,12.401,0.212
142100,2,48.6385605,8.941598833,460.8999939,0.6,12.401,0.203
142200,2,48.6385605,8.941598833,460.8999939,0.505,12.401,0.199
142400,2,48.6385605,8.941598833,460.8999939,0.581,12.401,0.211
142500,2,48.6385605,8.941598833,460.8999939,0.436,12.401,0.216
142600,2,48.6385605,8.941598833,460.8999939,0.476,12.401,0.217
142700,2,48.6385605,8.941598833,460.8999939,0.494,12.401,0.211
142800,2,48.6385605,8.941598833,460.8999939,0.489,12.401,0.209
142900,2,48.6385605,8.941598833,460.8999939,0.515,12.402,0.21
143000,2,48.6385605,8.941598833,460.8999939,0.507,12.401,0.211
143100,2,48.638560667,8.941598833,460.8999939,0.505,12.401,0.202
143200,2,48.638560667,8.941598833,460.8999939,0.431,12.401,0.206
143400,2,48.638560667,8.941598833,460.8999939,0.565,12.401,0.21
143500,2,48.638560667,8.941598833,460.8999939,0.505,12.401,0.211
143600,2,48.638560667,8.941598833,460.8999939,0.56,12.402,0.213
143700,2,48.638560667,8.941598833,460.8999939,0.494,12.401,0.212
143800,2,48.638560667,8.941598833,460.8999939,0.515,12.401,0.209
143900,2,48.638560667,8.941599,460.8999939,0.431,12.401,0.208
144000,2,48.638560667,8.941598833,460.8999939,0.547,12.401,0.207
144100,2,48.638560667,8.941598833,460.8999939,0.51,12.401,0.207
144200,2,48.638560833,8.941599,460.8999939,0.565,12.401,0.204
144400,2,48.638560833,8.941598833,460.8999939,0.465,12.401,0.205
144500,2,48.638560833,8.941598833,460.8999939,0.388,12.401,0.207
144600,2,48.638560833,8.941599,460.8999939,0.439,12.401,0.211
144700,2,48.638560833,8.941598833,460.8999939,0.399,12.401,0.215
144800,2,48.638560833,8.941598833,460.8999939,0.391,12.401,0.219
144900,2,48.638560833,8.941598833,460.8999939,0.431,12.401,0.215
145000,2,48.638560833,8.941598833,460.8999939,0.465,12.401,0.212
145100,2,48.638560833,8.941598833,460.8999939,0.441,12.401,0.206
145200,2,48.638560833,8.941598833,460.8999939,0.505,12.401,0.207
145400,2,48.638560833,8.941598833,460.8999939,0.528,12.401,0.21
145500,2,48.638560833,8.941598833,460.8999939,0.449,12.401,0.209
145600,2,48.638560833,8.941598833,460.8999939,0.441,12.401,0.209
145700,2,48.638560833,8.941598833,460.8999939,0.444,12.402,0.207
145800,2,48.638560833,8.941598833,460.8999939,0.447,12.401,0.21
145900,2,48.638560833,8.941598833,460.8999939,0.322,12.401,0.205
146000,2,48.638560833,8.941598833,460.8999939,0.41,12.401,0.21
146100,2,48.638560833,8.941598833,460.8999939,0.476,12.402,0.21
146200,2,48.638560833,8.941598833,460.8999939,0.394,12.402,0.211
146400,2,48.638560833,8.941598833,460.8999939,0.489,12.402,0.211
146500,2,48.638560833,8.941598833,460.8999939,0.491,12.401,0.209
146600,2,48.638560833,8.941599,460.8999939,0.563,12.402,0.213
146700,2,48.638560833,8.941598833,460.8999939,0.51,12.401,0.215
146800,2,48.638560833,8.941599,460.8999939,0.55,12.401,0.218
146900,2,48.638560833,8.941599,460.8999939,0.568,12.401,0.216
147000,2,48.638560667,8.941599,460.8999939,0.447,12.401,0.219
147100,2,48.638560667,8.941599,460.8999939,0.552,12.401,0.22
147200,2,48.638560667,8.941599,460.8999939,0.584,12.402,0.212
147400,2,48.638560667,8.941599,460.8999939,0.499,12.402,0.205
147500,2,48.638560667,8.941598833,460.8999939,0.431,12.401,0.211
147600,2,48.638560667,8.941599,460.8999939,0.349,12.401,0.212
147700,2,48.638560667,8.941599,460.8999939,0.42,12.402,0.208
147800,2,48.638560667,8.941599,460.8999939,0.465,12.402,0.202
147900,2,48.6385605,8.941598833,460.8999939,0.42,12.402,0.202
148000,2,48.6385605,8.941599,460.8999939,0.502,12.402,0.206
148100,2,48.6385605,8.941599,460.8999939,0.531,12.402,0.209
148200,2,48.6385605,8.941598833,460.8999939,0.454,12.402,0.209
148400,2,48.6385605,8.941598833,460.8999939,0.412,12.402,0.208
148500,2,48.638560333,8.941598833,460.8999939,0.346,12.401,0.206
148600,2,48.638560333,8.941598833,460.8999939,0.428,12.401,0.209
148700,2,48.638560333,8.941598833,460.8999939,0.452,12.401,0.205
148800,2,48.638560333,8.941598833,460.8999939,0.449,12.401,0.208
148900,2,48.638560333,8.941598833,460.8999939,0.341,12.401,0.207
149000,2,48.638560333,8.941598833,460.8999939,0.521,12.401,0.213
149100,2,48.638560333,8.941598833,460.8999939,0.486,12.401,0.222
149200,2,48.638560167,8.941598667,460.8999939,0.6,12.401,0.22
149400,2,48.638560167,8.941598667,460.8999939,0.521,12.401,0.219
149500,2,48.638560167,8.941598667,460.8999939,0.526,12.401,0.214
149600,2,48.638560167,8.941598667,460.8999939,0.457,12.401,0.214
149700,2,48.638560167,8.941598667,460.8999939,0.402,12.401,0.209
149800,2,48.638560167,8.941598667,460.8999939,0.518,12.401,0.213
149900,2,48.638560167,8.941598667,460.8999939,0.478,12.402,0.21
150000,2,48.638560167,8.941598667,460.8999939,0.412,12.402,0.211
150100,2,48.63856,8.941598667,460.8999939,0.431,12.401,0.208
150200,2,48.63856,8.941598667,460.8999939,0.436,12.401,0.212
150400,2,48.63856,8.9415985,460.8999939,0.404,12.401,0.209
150500,2,48.63856,8.9415985,460.8999939,0.465,12.402,0.21
150600,2,48.63856,8.9415985,460.8999939,0.465,12.402,0.21
150700,2,48.63856,8.9415985,460.8999939,0.521,12.402,0.209
150800,2,48.638559833,8.9415985,460.8999939,0.465,12.402,0.209
150900,2,48.638559833,8.9415985,460.8999939,0.465,12.402,0.216
151000,2,48.638559833,8.9415985,460.8999939,0.481,12.401,0.214
151100,2,48.638559833,8.941598333,460.8999939,0.521,12.401,0.216
151200,2,48.638559833,8.941598333,460.8999939,0.317,12.401,0.211
151400,2,48.638559833,8.941598333,460.8999939,0.441,12.402,0.219
151500,2,48.638559833,8.941598333,460.8999939,0.404,12.402,0.219
151600,2,48.638559833,8.941598333,460.8999939,0.51,12.401,0.215
151700,2,48.638559833,8.941598333,460.8999939,0.359,12.401,0.202
151800,2,48.638559833,8.941598333,460.8999939,0.301,12.401,0.197
151900,2,48.638559833,8.941598333,460.8999939,0.423,12.401,0.193
152000,2,48.638559667,8.941598333,460.8999939,0.42,12.402,0.201
152100,2,48.638559667,8.941598333,460.8999939,0.375,12.402,0.21
152200,2,48.638559833,8.941598333,460.8999939,0.386,12.402,0.215
152400,2,48.638559833,8.941598333,460.8999939,0.436,12.402,0.211
152500,2,48.638559833,8.941598167,460.8999939,0.489,12.402,0.211
152600,2,48.638559833,8.941598167,460.8999939,0.476,12.401,0.213
152700,2,48.638559833,8.941598167,460.8999939,0.433,12.401,0.215
152800,2,48.638559833,8.941598167,460.8999939,0.505,12.401,0.212
152900,2,48.638559833,8.941598167,460.8999939,0.531,12.402,0.21
153000,2,48.638559833,8.941598167,461.0,0.491,12.402,0.208
153100,2,48.638559833,8.941598,461.0,0.523,12.402,0.212
153200,2,48.638559833,8.941598,461.0,0.439,12.402,0.207
153400,2,48.638559833,8.941598,461.0,0.46,12.401,0.209
153500,2,48.638559833,8.941598,461.0,0.515,12.401,0.205
153600,2,48.638559833,8.941598,461.0,0.407,12.402,0.206
153700,2,48.638559833,8.941598,461.0,0.502,12.402,0.206
153800,2,48.638559833,8.941597833,461.0,0.521,12.403,0.205
153900,2,48.638559833,8.941597833,461.0,0.51,12.402,0.204
154000,2,48.638559833,8.941598,461.0,0.41,12.402,0.2
154100,2,48.638559833,8.941597833,461.0,0.539,12.402,0.204
154200,2,48.638559833,8.941597833,461.0,0.423,12.402,0.205
154400,2,48.638559833,8.941597833,461.0,0.595,12.402,0.21
154500,2,48.638559833,8.941597833,461.0,0.521,12.402,0.211
154600,2,48.63856,8.941597833,461.0,0.491,12.402,0.209
154700,2,48.63856,8.941597833,461.0,0.462,12.403,0.208
154800,2,48.63856,8.941597667,461.0,0.428,12.402,0.209
154900,2,48.63856,8.941597833,461.0,0.489,12.403,0.208
155000,2,48.63856,8.941597833,461.0,0.587,12.402,0.212
155100,2,48.63856,8.941597833,461.0,0.42,12.402,0.212
155200,2,48.63856,8.941597833,461.0,0.447,12.402,0.212
155400,2,48.63856,8.941597667,461.0,0.502,12.402,0.209
155500,2,48.63856,8.941597667,461.0,0.531,12.401,0.21
155600,2,48.63856,8.941597667,461.0,0.476,12.401,0.209
155700,2,48.63856,8.941597667,461.0,0.439,12.401,0.209
155800,2,48.63856,8.941597667,461.0,0.568,12.402,0.204
155900,2,48.63856,8.941597667,461.0,0.428,12.402,0.206
156000,2,48.63856,8.941597667,461.0,0.454,12.402,0.205
156100,2,48.63856,8.941597667,461.0,0.502,12.402,0.211
156200,2,48.63856,8.941597667,461.0,0.462,12.402,0.212
156400,2,48.638560167,8.941597667,461.0,0.542,12.401,0.217
156500,2,48.63856,8.941597667,461.0,0.552,12.401,0.21
156600,2,48.63856,8.941597667,461.0,0.502,12.401,0.209
156700,2,48.63856,8.941597667,461.0,0.441,12.402,0.211
156800,2,48.63856,8.941597667,461.0,0.523,12.402,0.214
156900,2,48.63856,8.941597667,461.0,0.531,12.402,0.219
157000,2,48.63856,8.941597667,461.0,0.415,12.402,0.211
157100,2,48.63856,8.941597667,461.0,0.454,12.402,0.214
157200,2,48.63856,8.941597667,461.0,0.441,12.402,0.214
157400,2,48.63856,8.941597667,461.0,0.399,12.402,0.212
157500,2,48.63856,8.941597667,461.0,0.386,12.402,0.206
157600,2,48.63856,8.941597667,461.0,0.341,12.401,0.212
157700,2,48.63856,8.941597667,461.0,0.378,12.401,0.211
157800,2,48.63856,8.941597667,461.0,0.415,12.401,0.217
157900,2,48.63856,8.941597667,461.0,0.542,12.402,0.212
158000,2,48.63856,8.941597667,461.0,0.447,12.402,0.211
158100,2,48.63856,8.941597667,461.0,0.454,12.401,0.205
158200,2,48.63856,8.941597667,461.0,0.402,12.402,0.206
158400,2,48.63856,8.941597667,461.0,0.412,12.402,0.211
158500,2,48.63856,8.941597667,461.0,0.452,12.402,0.212
158600,2,48.63856,8.941597667,461.0,0.513,12.401,0.213
158700,2,48.63856,8.941597667,461.0,0.439,12.401,0.215
158800,2,48.63856,8.941597667,461.0,0.47,12.402,0.21
158900,2,48.63856,8.941597667,461.0,0.608,12.402,0.208
159000,2,48.63856,8.941597667,461.0,0.494,12.402,0.208
159100,2,48.63856,8.941597667,461.0,0.42,12.402,0.204
159200,2,48.63856,8.941597667,461.0,0.486,12.402,0.204
159400,2,48.63856,8.941597667,461.0,0.576,12.402,0.203
159500,2,48.63856,8.9415975,461.0,0.476,12.402,0.208
159600,2,48.63856,8.9415975,461.0,0.579,12.402,0.216
159700,2,48.63856,8.9415975,461.0,0.587,12.402,0.215
159800,2,48.63856,8.9415975,461.0,0.542,12.402,0.217
159900,2,48.63856,8.9415975,461.0,0.486,12.402,0.205
160000,2,48.63856,8.9415975,461.0,0.552,12.401,0.205
160100,2,48.63856,8.9415975,461.0,0.436,12.402,0.204
160200,2,48.63856,8.9415975,461.0,0.417,12.402,0.208
160400,2,48.63856,8.9415975,461.0,0.518,12.402,0.209
160500,2,48.63856,8.9415975,460.8999939,0.42,12.403,0.212
160600,2,48.63856,8.9415975,460.8999939,0.518,12.402,0.204
160700,2,48.63856,8.941597333,460.8999939,0.55,12.402,0.204
160800,2,48.63856,8.941597333,460.8999939,0.452,12.402,0.205
160900,2,48.63856,8.941597333,460.8999939,0.404,12.401,0.21
161000,2,48.63856,8.941597333,460.8999939,0.359,12.401,0.21
161100,2,48.63856,8.941597333,460.8999939,0.367,12.401,0.211
161200,2,48.63856,8.941597333,460.8999939,0.444,12.402,0.208
161400,2,48.638560167,8.941597333,460.8999939,0.473,12.402,0.204
161500,2,48.63856,8.941597333,460.8999939,0.462,12.402,0.206
161600,2,48.63856,8.941597333,460.8999939,0.386,12.402,0.205
161700,2,48.638560167,8.941597333,460.8999939,0.375,12.402,0.207
161800,2,48.63856,8.941597167,460.8999939,0.452,12.402,0.208
161900,2,48.63856,8.941597167,460.8999939,0.441,12.402,0.213
162000,2,48.638560167,8.941597167,460.8999939,0.441,12.401,0.214
162100,2,48.638560167,8.941597167,460.8999939,0.457,12.401,0.214
162200,2,48.638560167,8.941597167,460.8999939,0.454,12.402,0.214
162400,2,48.638560167,8.941597333,460.8999939,0.489,12.401,0.213
162500,2,48.638560167,8.941597167,460.8999939,0.626,12.401,0.208
162600,2,48.638560167,8.941597333,460.8999939,0.518,12.401,0.211
162700,2,48.638560167,8.941597333,460.8999939,0.431,12.402,0.208
162800,2,48.638560167,8.941597333,460.8999939,0.507,12.402,0.212
162900,2,48.638560167,8.941597333,460.8999939,0.452,12.402,0.213
163000,2,48.638560167,8.941597333,460.8999939,0.423,12.402,0.213
163100,2,48.638560167,8.941597333,460.8999939,0.484,12.402,0.213
163200,2,48.638560167,8.941597333,460.8999939,0.391,12.402,0.211
163400,2,48.638560167,8.941597333,460.8999939,0.484,12.401,0.217
163500,2,48.638560167,8.941597167,460.8999939,0.449,12.401,0.22
163600,2,48.638560167,8.941597167,460.8999939,0.539,12.402,0.213
163700,2,48.638560167,8.941597167,460.8999939,0.486,12.402,0.206
163800,2,48.638560167,8.941597167,460.8999939,0.505,12.402,0.206
163900,2,48.638560167,8.941597167,460.8999939,0.542,12.402,0.21
164000,2,48.638560167,8.941597333,460.8999939,0.597,12.402,0.213
164100,2,48.638560167,8.941597333,460.8999939,0.476,12.402,0.215
164200,2,48.638560167,8.941597167,460.8999939,0.462,12.402,0.211
164400,2,48.638560167,8.941597167,460.8999939,0.478,12.402,0.214
164500,2,48.638560167,8.941597167,460.8999939,0.499,12.402,0.216
164600,2,48.638560167,8.941597167,460.8999939,0.526,12.401,0.218
164700,2,48.638560167,8.941597167,460.8999939,0.565,12.401,0.221
164800,2,48.638560167,8.941597167,460.8999939,0.436,12.401,0.219
164900,2,48.638560167,8.941597167,460.8999939,0.489,12.402,0.211
165000,2,48.638560167,8.941597167,460.8999939,0.46,12.402,0.208
165100,2,48.638560167,8.941597167,460.8999939,0.47,12.402,0.203
165200,2,48.638560167,8.941597167,460.8999939,0.454,12.401,0.201
165400,2,48.638560333,8.941597333,460.8999939,0.367,12.401,0.198
165500,2,48.638560333,8.941597167,460.8999939,0.436,12.402,0.207
165600,2,48.638560167,8.941597333,460.8999939,0.499,12.402,0.214
165700,2,48.638560333,8.941597333,460.8999939,0.531,12.403,0.219
165800,2,48.638560167,8.941597333,460.8999939,0.531,12.402,0.218
165900,2,48.638560333,8.941597333,460.8999939,0.573,12.402,0.215
166000,2,48.638560167,8.941597333,460.8999939,0.536,12.402,0.211
166100,2,48.638560167,8.941597333,460.8999939,0.462,12.402,0.206
166200,2,48.638560167,8.941597333,460.8999939,0.55,12.402,0.205
166400,2,48.638560333,8.9415975,460.8999939,0.515,12.402,0.208
166500,2,48.638560167,8.941597333,460.8999939,0.468,12.402,0.205
166600,2,48.638560167,8.9415975,460.8999939,0.558,12.402,0.209
166700,2,48.638560167,8.9415975,460.8999939,0.528,12.403,0.21
166800,2,48.638560333,8.9415975,460.8999939,0.584,12.402,0.209
166900,2,48.638560167,8.9415975,460.8999939,0.521,12.402,0.209
167000,2,48.638560167,8.9415975,460.8999939,0.51,12.403,0.205
167100,2,48.638560167,8.9415975,460.8999939,0.436,12.403,0.207
167200,2,48.638560167,8.9415975,460.8999939,0.523,12.402,0.212
167400,2,48.638560167,8.9415975,460.8999939,0.518,12.402,0.21
167500,2,48.638560167,8.9415975,460.8999939,0.555,12.402,0.21
167600,2,48.638560167,8.9415975,460.8999939,0.526,12.402,0.207
167700,2,48.638560167,8.9415975,460.8999939,0.465,12.402,0.208
167800,2,48.638560167,8.9415975,460.8999939,0.608,12.403,0.212
167900,2,48.638560167,8.9415975,460.8999939,0.565,12.403,0.215
168000,2,48.638560167,8.9415975,460.8999939,0.595,12.402,0.216
168100,2,48.638560167,8.9415975,460.8999939,0.576,12.402,0.214
168200,2,48.638560167,8.9415975,460.8999939,0.531,12.402,0.209
168400,2,48.638560167,8.9415975,460.8999939,0.513,12.402,0.203
168500,2,48.638560167,8.9415975,460.79998779,0.441,12.403,0.204
168600,2,48.638560167,8.9415975,460.79998779,0.486,12.402,0.209
168700,2,48.638560167,8.9415975,460.79998779,0.439,12.403,0.211
168800,2,48.638560167,8.9415975,460.79998779,0.42,12.402,0.212
168900,2,48.638560167,8.9415975,460.79998779,0.314,12.402,0.205
169000,2,48.638560167,8.9415975,460.79998779,0.507,12.402,0.204
169100,2,48.63856,8.9415975,460.79998779,0.513,12.402,0.208
169200,2,48.638560167,8.9415975,460.79998779,0.402,12.402,0.212
169400,2,48.638560167,8.9415975,460.79998779,0.399,12.402,0.207
169500,2,48.638560167,8.9415975,460.79998779,0.55,12.402,0.211
169600,2,48.638560167,8.9415975,460.79998779,0.531,12.402,0.207
169700,2,48.63856,8.9415975,460.79998779,0.513,12.402,0.214
169800,2,48.638560167,8.9415975,460.79998779,0.465,12.402,0.21
169900,2,48.638560167,8.9415975,460.79998779,0.388,12.402,0.212
170000,2,48.638560167,8.9415975,460.79998779,0.473,12.402,0.207
170100,2,48.638560167,8.9415975,460.79998779,0.444,12.402,0.209
170200,2,48.638560167,8.9415975,460.79998779,0.399,12.402,0.207
170400,2,48.638560167,8.9415975,460.79998779,0.489,12.402,0.209
170500,2,48.638560167,8.9415975,460.79998779,0.489,12.402,0.207
170600,2,48.638560167,8.9415975,460.79998779,0.452,12.402,0.204
170700,2,48.63856,8.9415975,460.79998779,0.473,12.402,0.212
170800,2,48.638560167,8.9415975,460.79998779,0.56,12.403,0.214
170900,2,48.63856,8.9415975,460.79998779,0.473,12.403,0.214
171000,2,48.63856,8.9415975,460.79998779,0.46,12.402,0.205
171100,2,48.63856,8.9415975,460.79998779,0.465,12.402,0.204
171200,2,48.63856,8.9415975,460.79998779,0.486,12.401,0.206
171400,2,48.63856,8.941597333,460.79998779,0.349,12.402,0.208
171500,2,48.63856,8.9415975,460.79998779,0.547,12.402,0.21
171600,2,48.63856,8.9415975,460.79998779,0.396,12.402,0.206
171700,2,48.63856,8.9415975,460.79998779,0.499,12.402,0.206
171800,2,48.63856,8.9415975,460.79998779,0.394,12.403,0.204
171900,2,48.63856,8.9415975,460.79998779,0.494,12.404,0.206
172000,2,48.63856,8.9415975,460.79998779,0.499,12.403,0.206
172100,2,48.63856,8.941597667,460.79998779,0.521,12.402,0.209
172200,2,48.63856,8.941597667,460.79998779,0.42,12.402,0.209
172400,2,48.63856,8.941597667,460.79998779,0.558,12.402,0.201
172500,2,48.63856,8.941597667,460.70001221,0.576,12.402,0.206
172600,2,48.63856,8.941597667,460.70001221,0.425,12.402,0.201
172700,2,48.63856,8.941597667,460.70001221,0.494,12.403,0.208
172800,2,48.63856,8.941597667,460.70001221,0.505,12.403,0.204
172900,2,48.63856,8.941597667,460.70001221,0.507,12.403,0.215
173000,2,48.63856,8.941597667,460.70001221,0.507,12.402,0.209
173100,2,48.63856,8.941597833,460.70001221,0.468,12.402,0.207
173200,2,48.63856,8.941597833,460.70001221,0.592,12.402,0.208
173400,2,48.63856,8.941597833,460.70001221,0.56,12.402,0.212
173500,2,48.63856,8.941597833,460.70001221,0.465,12.402,0.21
173600,2,48.63856,8.941597833,460.70001221,0.396,12.402,0.203
173700,2,48.63856,8.941597833,460.70001221,0.494,12.402,0.202
173800,2,48.63856,8.941597833,460.70001221,0.431,12.402,0.201
173900,2,48.63856,8.941597833,460.70001221,0.476,12.402,0.204
174000,2,48.63856,8.941598,460.70001221,0.425,12.403,0.205
174100,2,48.63856,8.941598,460.70001221,0.499,12.402,0.21
174200,2,48.63856,8.941598,460.70001221,0.571,12.402,0.212
174400,2,48.63856,8.941598,460.70001221,0.526,12.402,0.217
174500,2,48.63856,8.941598,460.70001221,0.489,12.402,0.215
174600,2,48.63856,8.941598,460.70001221,0.542,12.403,0.214
174700,2,48.63856,8.941598,460.70001221,0.441,12.403,0.216
174800,2,48.638560167,8.941598,460.70001221,0.542,12.403,0.215
174900,2,48.63856,8.941598,460.70001221,0.425,12.402,0.21
175000,2,48.638560167,8.941598,460.70001221,0.476,12.402,0.203
175100,2,48.638560167,8.941598,460.70001221,0.51,12.402,0.206
175200,2,48.638560167,8.941598167,460.70001221,0.502,12.402,0.207
175400,2,48.638560167,8.941598167,460.70001221,0.536,12.403,0.209
175500,2,48.638560167,8.941598167,460.70001221,0.476,12.403,0.21
175600,2,48.638560167,8.941598167,460.70001221,0.457,12.403,0.209
175700,2,48.638560167,8.941598167,460.70001221,0.391,12.402,0.21
175800,2,48.638560167,8.941598167,460.70001221,0.568,12.402,0.21
175900,2,48.638560167,8.941598333,460.70001221,0.61,12.402,0.214
176000,2,48.638560167,8.941598333,460.70001221,0.531,12.402,0.21
176100,2,48.638560167,8.941598333,460.70001221,0.568,12.401,0.213
176200,2,48.638560167,8.941598333,460.70001221,0.573,12.402,0.212
176400,2,48.638560167,8.941598333,460.70001221,0.478,12.402,0.213
176500,2,48.638560167,8.941598333,460.70001221,0.415,12.402,0.21
176600,2,48.638560333,8.941598333,460.70001221,0.476,12.401,0.207
176700,2,48.638560333,8.9415985,460.70001221,0.42,12.401,0.209
176800,2,48.638560333,8.9415985,460.79998779,0.499,12.402,0.205
176900,2,48.638560333,8.9415985,460.70001221,0.365,12.402,0.202
177000,2,48.638560333,8.9415985,460.79998779,0.518,12.402,0.205
177100,2,48.638560333,8.9415985,460.79998779,0.473,12.402,0.213
177200,2,48.638560333,8.941598667,460.79998779,0.491,12.402,0.218
177400,2,48.638560333,8.941598667,460.79998779,0.505,12.402,0.212
177500,2,48.638560333,8.941598667,460.79998779,0.476,12.402,0.208
177600,2,48.638560333,8.941598667,460.79998779,0.605,12.402,0.204
177700,2,48.638560333,8.941598667,460.79998779,0.486,12.402,0.209
177800,2,48.638560333,8.941598667,460.79998779,0.494,12.402,0.207
177900,2,48.638560333,8.941598667,460.79998779,0.433,12.402,0.207
178000,2,48.638560333,8.941598667,460.79998779,0.399,12.402,0.212
178100,2,48.638560333,8.941598667,460.79998779,0.499,12.402,0.216
178200,2,48.638560333,8.941598667,460.79998779,0.486,12.402,0.22
178400,2,48.6385605,8.941598833,460.79998779,0.513,12.402,0.217
178500,2,48.6385605,8.941598833,460.79998779,0.542,12.402,0.217
178600,2,48.6385605,8.941598833,460.79998779,0.51,12.402,0.219
178700,2,48.6385605,8.941598833,460.79998779,0.56,12.402,0.211
178800,2,48.6385605,8.941598833,460.79998779,0.476,12.402,0.207
178900,2,48.6385605,8.941598833,460.79998779,0.425,12.402,0.206
179000,2,48.638560333,8.941598833,460.79998779,0.521,12.401,0.207
179100,2,48.638560333,8.941598833,460.79998779,0.531,12.402,0.207
179200,2,48.638560333,8.941598833,460.79998779,0.489,12.402,0.203
179400,2,48.638560333,8.941598667,460.79998779,0.491,12.403,0.207
179500,2,48.638560333,8.941598667,460.79998779,0.507,12.403,0.205
179600,2,48.638560333,8.941598667,460.79998779,0.447,12.402,0.21
179700,2,48.638560333,8.941598667,460.79998779,0.476,12.402,0.212
179800,2,48.638560333,8.941598667,460.79998779,0.444,12.402,0.211
179900,2,48.638560333,8.941598667,460.79998779,0.465,12.403,0.208
180000,2,48.638560333,8.941598667,460.79998779,0.491,12.403,0.211
180100,2,48.638560333,8.941598667,460.79998779,0.531,12.403,0.215
180200,2,48.638560333,8.941598667,460.79998779,0.558,12.403,0.214
180400,2,48.638560333,8.9415985,460.79998779,0.465,12.402,0.212
180500,2,48.638560333,8.941598667,460.79998779,0.423,12.402,0.215
180600,2,48.638560333,8.941598667,460.79998779,0.431,12.402,0.21
180700,2,48.638560333,8.9415985,460.79998779,0.555,12.402,0.208
180800,2,48.638560167,8.9415985,460.79998779,0.539,12.401,0.212
180900,2,48.638560167,8.9415985,460.79998779,0.415,12.401,0.219
181000,2,48.638560167,8.9415985,460.79998779,0.454,12.402,0.213
181100,2,48.638560167,8.9415985,460.79998779,0.465,12.402,0.209
181200,2,48.638560167,8.941598333,460.8999939,0.454,12.403,0.201
181400,2,48.638560333,8.941598667,460.8999939,0.521,12.402,0.205
181500,2,48.638560167,8.9415985,460.79998779,0.391,12.402,0.207
181600,2,48.638560167,8.941598667,460.79998779,0.489,12.402,0.215
181700,2,48.638560167,8.9415985,460.8999939,0.521,12.403,0.218
181800,2,48.638560333,8.941598333,460.8999939,0.349,12.403,0.213
181900,2,48.638560333,8.9415985,460.8999939,0.497,12.403,0.207
182000,2,48.638560333,8.9415985,460.8999939,0.465,12.403,0.2
182100,2,48.638560333,8.9415985,460.8999939,0.531,12.402,0.202
182200,2,48.638560333,8.9415985,460.8999939,0.595,12.402,0.209
182400,2,48.638560333,8.9415985,461.0,0.555,12.402,0.212
182500,2,48.638560333,8.941598333,461.0,0.618,12.403,0.219
182600,2,48.638560333,8.9415985,461.0,0.486,12.402,0.217
182700,2,48.6385605,8.941598667,461.0,0.486,12.402,0.213
182800,2,48.6385605,8.941598833,461.0,0.576,12.402,0.207
182900,2,48.638560667,8.941598833,461.0,0.61,12.402,0.2
183000,2,48.638560667,8.941598833,461.0,0.692,12.402,0.2
183100,2,48.638560833,8.941599,461.1000061,0.666,12.402,0.197
183200,2,48.638560833,8.941599,461.1000061,0.698,12.402,0.204
183400,2,48.638561,8.941599,461.1000061,0.645,12.402,0.214
183500,2,48.638561,8.941599167,461.1000061,0.645,12.402,0.225
183600,2,48.638561167,8.941599167,461.20001221,0.711,12.402,0.225
183700,2,48.638561167,8.941599167,461.20001221,0.674,12.403,0.221
183800,2,48.638561167,8.941599167,461.20001221,0.708,12.403,0.218
183900,2,48.638561167,8.941599333,461.20001221,0.782,12.403,0.217
184000,2,48.638561167,8.9415995,461.20001221,0.79,12.402,0.222
184100,2,48.638561167,8.941599333,461.20001221,0.848,12.402,0.221
184200,2,48.638561167,8.941599333,461.20001221,0.859,12.402,0.213
184400,2,48.638561167,8.941599333,461.29998779,0.888,12.402,0.207
184500,2,48.638561167,8.941599333,461.29998779,0.951,12.402,0.211
184600,2,48.638561167,8.9415995,461.29998779,0.906,12.402,0.221
184700,2,48.638561167,8.9415995,461.3999939,0.914,12.403,0.219
184800,2,48.638561,8.9415995,461.3999939,0.909,12.403,0.217
184900,2,48.638561,8.941599833,461.3999939,0.927,12.403,0.212
185000,2,48.638560833,8.9416,461.3999939,0.935,12.403,0.213
185100,2,48.638560833,8.9416,461.3999939,1.009,12.403,0.214
185200,2,48.638560833,8.9416,461.3999939,1.012,12.402,0.219
185400,2,48.638561,8.941600167,461.3999939,0.996,12.402,0.216
185500,2,48.638561,8.941600167,461.3999939,1.115,12.402,0.209
185600,2,48.638561,8.941600333,461.5,0.964,12.403,0.215
185700,2,48.638561,8.9416005,461.5,0.975,12.403,0.216
185800,2,48.638561,8.9416005,461.5,1.081,12.403,0.217
185900,2,48.638561167,8.941600333,461.3999939,1.112,12.403,0.21
186000,2,48.638561333,8.941600333,461.3999939,1.017,12.404,0.211
186100,2,48.638561667,8.941600333,461.3999939,0.922,12.403,0.207
186200,2,48.638561833,8.941600333,461.3999939,0.898,12.402,0.206
186400,2,48.638562167,8.941600167,461.3999939,1.038,12.401,0.208
186500,2,48.638562333,8.941600167,461.3999939,1.07,12.401,0.21
186600,2,48.6385625,8.941600333,461.3999939,0.964,12.402,0.208
186700,2,48.6385625,8.941600167,461.3999939,0.993,12.402,0.212
186800,2,48.6385625,8.941600167,461.3999939,0.967,12.403,0.212
186900,2,48.638562667,8.941600167,461.3999939,0.993,12.403,0.214
187000,2,48.638562667,8.941600333,461.3999939,0.851,12.402,0.214
187100,2,48.638562667,8.941600333,461.3999939,0.97,12.401,0.216
187200,2,48.638562667,8.941600333,461.3999939,0.904,12.402,0.214
187400,2,48.638562333,8.941600333,461.29998779,1.033,12.402,0.21
187500,2,48.638562167,8.941600333,461.29998779,0.954,12.403,0.204
187600,2,48.638562167,8.941600333,461.29998779,0.978,12.402,0.206
187700,2,48.638562,8.941600333,461.29998779,0.949,12.403,0.214
187800,2,48.638561833,8.9416005,461.29998779,0.975,12.403,0.215
187900,2,48.638562,8.941600333,461.29998779,0.954,12.403,0.213
188000,2,48.638562,8.941600333,461.29998779,1.009,12.403,0.212
188100,2,48.638562,8.941600333,461.29998779,0.986,12.403,0.218
188200,2,48.638562167,8.941600167,461.29998779,0.967,12.402,0.218
188400,2,48.638562167,8.941600167,461.29998779,0.972,12.402,0.22
188500,2,48.638562333,8.941600167,461.29998779,0.822,12.402,0.22
188600,2,48.638562333,8.9416,461.29998779,0.941,12.402,0.214
188700,2,48.638562333,8.9416,461.29998779,1.057,12.403,0.211
188800,2,48.638562333,8.941600167,461.20001221,0.914,12.403,0.212
188900,2,48.638562333,8.941600167,461.20001221,0.98,12.403,0.207
189000,2,48.638562333,8.941600333,461.20001221,1.02,12.403,0.203
189100,2,48.638562333,8.941600333,461.20001221,0.901,12.404,0.204
189200,2,48.638562333,8.941600333,461.20001221,0.97,12.403,0.214
189400,2,48.638562167,8.941600333,461.20001221,1.025,12.402,0.222
189500,2,48.638562167,8.9416005,461.20001221,1.023,12.402,0.219
189600,2,48.638562167,8.941600667,461.20001221,0.877,12.402,0.22
189700,2,48.638562167,8.941600667,461.20001221,0.89,12.402,0.216
189800,2,48.638562167,8.9416005,461.20001221,0.914,12.402,0.221
189900,2,48.638562167,8.941600667,461.20001221,0.97,12.402,0.223
190000,2,48.638562167,8.941600833,461.20001221,0.983,12.402,0.223
190100,2,48.638562167,8.941600833,461.20001221,0.949,12.402,0.212
190200,2,48.638562333,8.941601,461.20001221,0.98,12.402,0.21
190400,2,48.6385625,8.941601167,461.20001221,0.996,12.402,0.207
190500,2,48.638562667,8.941601167,461.20001221,0.959,12.402,0.209
190600,2,48.638562833,8.941601167,461.20001221,0.98,12.403,0.216
190700,2,48.638562833,8.941601167,461.20001221,1.115,12.402,0.226
190800,2,48.638563,8.941601167,461.20001221,1.065,12.402,0.229
190900,2,48.638563,8.941601333,461.20001221,1.065,12.402,0.226
191000,2,48.638563,8.941601333,461.20001221,1.123,12.403,0.218
191100,2,48.638563,8.941601333,461.20001221,1.023,12.403,0.219
191200,2,48.638563,8.9416015,461.20001221,0.957,12.403,0.214
191400,2,48.638562667,8.9416015,461.1000061,0.999,12.403,0.215
191500,2,48.638562667,8.9416015,461.1000061,0.975,12.402,0.219
191600,2,48.638562667,8.9416015,461.1000061,0.986,12.402,0.215
191700,2,48.638562667,8.941601667,461.1000061,0.925,12.403,0.217
191800,2,48.638562667,8.941601833,461.1000061,0.951,12.403,0.218
191900,2,48.638562667,8.941601833,461.1000061,0.933,12.402,0.221
192000,2,48.638562667,8.941601833,461.0,0.98,12.402,0.222
192100,2,48.638562667,8.941602,461.0,0.933,12.402,0.22
192200,2,48.638562667,8.941602,461.0,0.864,12.402,0.219
192400,2,48.638562667,8.941602167,461.0,1.052,12.402,0.217
192500,2,48.638562667,8.9416025,461.0,0.933,12.402,0.22
192600,2,48.638562833,8.9416025,461.0,0.959,12.402,0.214
192700,2,48.638563,8.9416025,461.0,0.991,12.402,0.211
192800,2,48.638563,8.941602667,461.0,0.93,12.403,0.207
192900,2,48.638563,8.941602833,460.8999939,0.906,12.402,0.208
193000,2,48.638563,8.941603,460.8999939,0.975,12.402,0.202
193100,2,48.638563167,8.941603167,460.8999939,0.912,12.402,0.208
193200,2,48.638563167,8.941603167,460.8999939,0.927,12.402,0.21
193400,2,48.638563167,8.941603333,460.8999939,0.906,12.402,0.214
193500,2,48.638563167,8.941603667,460.8999939,0.941,12.402,0.208
193600,2,48.638563333,8.941603667,460.8999939,0.986,12.402,0.21
193700,2,48.638563333,8.9416035,460.79998779,1.03,12.402,0.207
193800,2,48.638563333,8.9416035,460.79998779,0.951,12.403,0.214
193900,2,48.638563333,8.941603667,460.79998779,0.925,12.403,0.213
194000,2,48.638563333,8.941603667,460.79998779,1.03,12.403,0.218
194100,2,48.638563333,8.9416035,460.79998779,0.991,12.402,0.213
194200,2,48.638563333,8.941604167,460.70001221,0.893,12.402,0.216
194400,2,48.638563667,8.941604833,460.70001221,0.917,12.403,0.216
194500,2,48.6385635,8.9416045,460.70001221,0.88,12.402,0.212
194600,2,48.638563167,8.9416045,460.70001221,0.816,12.402,0.212
194700,2,48.638563333,8.941604667,460.70001221,0.761,12.402,0.211
194800,2,48.638563333,8.941604667,460.70001221,0.806,12.403,0.21
194900,2,48.638563167,8.941604667,460.70001221,0.814,12.132,0.188
195000,2,48.638563,8.9416045,460.70001221,0.634,9.808,0.126
195100,2,48.638563167,8.941604833,460.70001221,0.779,6.677,0.061
